dataset_id,split,view,source_image,source_annotation,canonical_conditions,canonical_labels,canonical_annotation_count,hash_sha256,notes
construction_ppe,train,no_canonical_annotations,datasets/raw/construction_ppe/images/train/image1171.jpg,datasets/raw/construction_ppe/labels/train/image1171.txt,none,,0,929dd741dc512eb4e2745ac3c99b6ff5dc6e39cdaaa8a3abe43d10067d1c90c8,official_split
construction_ppe,train,no_canonical_annotations,datasets/raw/construction_ppe/images/train/image482.jpg,datasets/raw/construction_ppe/labels/train/image482.txt,none,,0,1f07a30b10a7d983f97fa5fd3bbfeaa5d3fbd07279c39c8df713f7c9ffd97dc5,official_split
construction_ppe,train,no_canonical_annotations,datasets/raw/construction_ppe/images/train/image526.jpg,datasets/raw/construction_ppe/labels/train/image526.txt,none,,0,d39ef8e12351692c9d61fb25ed8edd7df4d659185595787abd6a8f87d1914bff,official_split
construction_ppe,train,no_canonical_annotations,datasets/raw/construction_ppe/images/train/image57.jpeg,datasets/raw/construction_ppe/labels/train/image57.txt,none,,0,c48689ea05a43347a3c8f620424f24a4a32d2ba3f4dca85cdf0f03fbc50a813a,official_split
construction_ppe,train,no_canonical_annotations,datasets/raw/construction_ppe/images/train/image720.jpeg,datasets/raw/construction_ppe/labels/train/image720.txt,none,,0,918334ff19781af586dcd3906f3a0bb3ff4fe3b623e4f26a7fb4c8587f841bf1,official_split
construction_ppe,train,no_canonical_annotations,datasets/raw/construction_ppe/images/train/image818.jpeg,datasets/raw/construction_ppe/labels/train/image818.txt,none,,0,634cb0f4c13ae601d39fddbc3c440894a118283d69e7d05fac845e37c8466a47,official_split
sh17,train,no_canonical_annotations,datasets/raw/sh17/kaggle/images/pexels-photo-7222228.jpeg,datasets/raw/sh17/kaggle/labels/pexels-photo-7222228.txt,none,,0,af2b74d0a7ee3224a2d6efac47fcb16f0f22d8f99b1015d5ff4e33554853d10d,official_train_val_no_explicit_test
sh17,train,no_canonical_annotations,datasets/raw/sh17/kaggle/images/pexels-photo-6937419.jpeg,datasets/raw/sh17/kaggle/labels/pexels-photo-6937419.txt,none,,0,7248725e52f0f0dbb112accb1337d0a57cebcdaa88711bfafbd145616617f5ba,official_train_val_no_explicit_test
sh17,train,no_canonical_annotations,datasets/raw/sh17/kaggle/images/pexels-photo-4350043.jpeg,datasets/raw/sh17/kaggle/labels/pexels-photo-4350043.txt,none,,0,8e17a1acdda7dd49f5e5743577f75f2afda039bd77c51739a25345cd11a8d7ac,official_train_val_no_explicit_test
sh17,train,no_canonical_annotations,datasets/raw/sh17/kaggle/images/pexels-photo-6913174.jpeg,datasets/raw/sh17/kaggle/labels/pexels-photo-6913174.txt,none,,0,c4fea1fe05d6a26014c8431804d1e9485cb70f3c80890b0cf18affe0022f13e8,official_train_val_no_explicit_test
sh17,train,no_canonical_annotations,datasets/raw/sh17/kaggle/images/pexels-photo-7245748.jpeg,datasets/raw/sh17/kaggle/labels/pexels-photo-7245748.txt,none,,0,d626318f961fc4e9b4729fa83144e644898fe623ff057a436a4b061df6388831,official_train_val_no_explicit_test
sh17,train,no_canonical_annotations,datasets/raw/sh17/kaggle/images/pexels-photo-6942388.jpeg,datasets/raw/sh17/kaggle/labels/pexels-photo-6942388.txt,none,,0,3278fd111ddbbd4658092bd9b00a84608e501e3085d52d760094ee579231b7f8,official_train_val_no_explicit_test
sh17,train,no_canonical_annotations,datasets/raw/sh17/kaggle/images/pexels-photo-3862605.jpeg,datasets/raw/sh17/kaggle/labels/pexels-photo-3862605.txt,none,,0,552bc593846d8f5427e4551ec4d59ca53d8273a0a05ec31350d449ea9e126468,official_train_val_no_explicit_test
sh17,train,no_canonical_annotations,datasets/raw/sh17/kaggle/images/pexels-photo-5715905.jpeg,datasets/raw/sh17/kaggle/labels/pexels-photo-5715905.txt,none,,0,c32e78439e9bfbf35e73906eec5a5b8c410f164c7b05d19f0b034f7d139235f2,official_train_val_no_explicit_test
sh17,train,no_canonical_annotations,datasets/raw/sh17/kaggle/images/pexels-photo-4205985.jpeg,datasets/raw/sh17/kaggle/labels/pexels-photo-4205985.txt,none,,0,1fe15743aea964e1b246ee9dd14ca80878ce0c9bd3815442f4997e0db9fcb29d,official_train_val_no_explicit_test
sh17,train,no_canonical_annotations,datasets/raw/sh17/kaggle/images/pexels-photo-4140923.jpeg,datasets/raw/sh17/kaggle/labels/pexels-photo-4140923.txt,none,,0,9a5d3f4bca545a0455acb3d8a8ab8f90353ccb40ba18b26afe1bf6fafc996695,official_train_val_no_explicit_test
sh17,train,no_canonical_annotations,datasets/raw/sh17/kaggle/images/pexels-photo-9314012.jpeg,datasets/raw/sh17/kaggle/labels/pexels-photo-9314012.txt,none,,0,8f896fb3a60071a48bc72dac79b3645587709d264e979dc97492560f1b923906,official_train_val_no_explicit_test
sh17,train,no_canonical_annotations,datasets/raw/sh17/kaggle/images/pexels-photo-10239293.jpeg,datasets/raw/sh17/kaggle/labels/pexels-photo-10239293.txt,none,,0,ececf5297417e71aff5720362fe65a9ed4891cf31cadb49de079d5b95227e907,official_train_val_no_explicit_test
sh17,train,no_canonical_annotations,datasets/raw/sh17/kaggle/images/pexels-photo-6473980.jpeg,datasets/raw/sh17/kaggle/labels/pexels-photo-6473980.txt,none,,0,34783d072b7642c0c0e88ef049caa7e7f235a1c4816d7c4700dfe158ab8e3d15,official_train_val_no_explicit_test
sh17,train,no_canonical_annotations,datasets/raw/sh17/kaggle/images/pexels-photo-4140944.jpeg,datasets/raw/sh17/kaggle/labels/pexels-photo-4140944.txt,none,,0,bfcc8c35b57c594ed4072d704fa3a48857b9818bfa7c64ea46969d07b214301d,official_train_val_no_explicit_test
sh17,train,no_canonical_annotations,datasets/raw/sh17/kaggle/images/pexels-photo-3855474.jpeg,datasets/raw/sh17/kaggle/labels/pexels-photo-3855474.txt,none,,0,4cd6dfc9995661ef44ae680130c44b08166ef8ecbb51201efa904ab6ca5f5cb5,official_train_val_no_explicit_test
sh17,train,no_canonical_annotations,datasets/raw/sh17/kaggle/images/pexels-photo-4614239.jpeg,datasets/raw/sh17/kaggle/labels/pexels-photo-4614239.txt,none,,0,13c3ae1daa35008efeefa32c87c072126fab229dfbfff9f9fa296239a702bfba,official_train_val_no_explicit_test
sh17,train,no_canonical_annotations,datasets/raw/sh17/kaggle/images/pexels-photo-4622203.jpeg,datasets/raw/sh17/kaggle/labels/pexels-photo-4622203.txt,none,,0,8959d985b519211f5490dc4b5b7c6aa2649d7713314b084bca0f265a9972ba0d,official_train_val_no_explicit_test
sh17,train,no_canonical_annotations,datasets/raw/sh17/kaggle/images/pexels-photo-3800456.jpeg,datasets/raw/sh17/kaggle/labels/pexels-photo-3800456.txt,none,,0,b7a73ccdba979cf053112c532a6db3e2f36098640cb83e4c8f50c49b27da85cf,official_train_val_no_explicit_test
sh17,train,no_canonical_annotations,datasets/raw/sh17/kaggle/images/pexels-photo-5218002.jpeg,datasets/raw/sh17/kaggle/labels/pexels-photo-5218002.txt,none,,0,5969d8661b0a637e9ab980746deae1f120c64e88d460663b8b9c810197c8ea50,official_train_val_no_explicit_test
sh17,train,no_canonical_annotations,datasets/raw/sh17/kaggle/images/pexels-photo-6474497.jpeg,datasets/raw/sh17/kaggle/labels/pexels-photo-6474497.txt,none,,0,3d4f3491c77904d471abbbf9194a8e96830dd44ab673e6b5b9eac4d43a7c4440,official_train_val_no_explicit_test
sh17,train,no_canonical_annotations,datasets/raw/sh17/kaggle/images/pexels-photo-14265844.jpeg,datasets/raw/sh17/kaggle/labels/pexels-photo-14265844.txt,none,,0,c0313e5e8d44d6e0a60f8d0a6a017d9a166f126c3b111d92e82ab17e25d03059,official_train_val_no_explicit_test
sh17,train,no_canonical_annotations,datasets/raw/sh17/kaggle/images/pexels-photo-5691622.jpeg,datasets/raw/sh17/kaggle/labels/pexels-photo-5691622.txt,none,,0,d3dba9c659653fd8c0a170317ed8b6bbdcaccbd57586f0153d2fdc86b89ee0a4,official_train_val_no_explicit_test
sh17,train,no_canonical_annotations,datasets/raw/sh17/kaggle/images/pexels-photo-3763234.jpeg,datasets/raw/sh17/kaggle/labels/pexels-photo-3763234.txt,none,,0,44b6eb807e88398060ad5400b3a2a850016de1ab2f36bd209d6193886d7606b8,official_train_val_no_explicit_test
sh17,train,no_canonical_annotations,datasets/raw/sh17/kaggle/images/pexels-photo-5218005.jpeg,datasets/raw/sh17/kaggle/labels/pexels-photo-5218005.txt,none,,0,918a23bdb5a95501ca714513e70357397842f1726ffbe4c17abee7407923eb76,official_train_val_no_explicit_test
sh17,train,no_canonical_annotations,datasets/raw/sh17/kaggle/images/pexels-photo-5684551.jpeg,datasets/raw/sh17/kaggle/labels/pexels-photo-5684551.txt,none,,0,1d783b3f5d88be5480f75f2f1fbcbbaf63d8aaa6e9b4b4d3c5c3693eb4e14ae0,official_train_val_no_explicit_test
sh17,train,no_canonical_annotations,datasets/raw/sh17/kaggle/images/pexels-photo-5642041.jpeg,datasets/raw/sh17/kaggle/labels/pexels-photo-5642041.txt,none,,0,da3f41b598c39fc47e9bc49388c688b7147ea56cfa93bffecf167a6c510f5b4e,official_train_val_no_explicit_test
sh17,train,no_canonical_annotations,datasets/raw/sh17/kaggle/images/pexels-photo-5711092.jpeg,datasets/raw/sh17/kaggle/labels/pexels-photo-5711092.txt,none,,0,f455c206d8056489674995db22dfb5ad212d0d23182231b85a05def05a54e9ba,official_train_val_no_explicit_test
sh17,train,no_canonical_annotations,datasets/raw/sh17/kaggle/images/pexels-photo-4614224.jpeg,datasets/raw/sh17/kaggle/labels/pexels-photo-4614224.txt,none,,0,9a2f6d23a15139bc33f69f830ea70dbb6c81e8d4a63b2c443b5f645de0638859,official_train_val_no_explicit_test
sh17,train,no_canonical_annotations,datasets/raw/sh17/kaggle/images/pexels-photo-8837512.jpeg,datasets/raw/sh17/kaggle/labels/pexels-photo-8837512.txt,none,,0,cb0f4e47d1022f03b00ace6632df5a9776fe4fcf0523dd0758c0bac4ea12c65a,official_train_val_no_explicit_test
sh17,train,no_canonical_annotations,datasets/raw/sh17/kaggle/images/pexels-photo-5490164.jpeg,datasets/raw/sh17/kaggle/labels/pexels-photo-5490164.txt,none,,0,92ef21861925da545e88e121e3dcfd39d8cdf577ebb3bb6f1d3bd35a046a8d4c,official_train_val_no_explicit_test
sh17,train,no_canonical_annotations,datasets/raw/sh17/kaggle/images/pexels-photo-7925810.jpeg,datasets/raw/sh17/kaggle/labels/pexels-photo-7925810.txt,none,,0,86b09455c750ab869964601b883d7b257b5e6b096b1f98d3955a20f14223f390,official_train_val_no_explicit_test
sh17,train,no_canonical_annotations,datasets/raw/sh17/kaggle/images/pexels-photo-5231242.jpeg,datasets/raw/sh17/kaggle/labels/pexels-photo-5231242.txt,none,,0,0dddcedc2ad2895f27a4fd2019cd723175783fd88259119b86946410479f9bf2,official_train_val_no_explicit_test
sh17,train,no_canonical_annotations,datasets/raw/sh17/kaggle/images/pexels-photo-6835307.jpeg,datasets/raw/sh17/kaggle/labels/pexels-photo-6835307.txt,none,,0,98c36918a5f1903d04b00ee8bd99aa5bd0096b55b26f178f49f163e4fee5b7c9,official_train_val_no_explicit_test
sh17,train,no_canonical_annotations,datasets/raw/sh17/kaggle/images/pexels-photo-5863365.jpeg,datasets/raw/sh17/kaggle/labels/pexels-photo-5863365.txt,none,,0,4f3d7cf92eefe47e92a215252c4027589aaa446609808714b78c21db05d813bf,official_train_val_no_explicit_test
sh17,train,no_canonical_annotations,datasets/raw/sh17/kaggle/images/pexels-photo-5863361.jpeg,datasets/raw/sh17/kaggle/labels/pexels-photo-5863361.txt,none,,0,84913de2a431d59fcdf9fe30f9c8510ae37596dc22d950d4a100e071709b5309,official_train_val_no_explicit_test
sh17,train,no_canonical_annotations,datasets/raw/sh17/kaggle/images/pexels-photo-5974328.jpeg,datasets/raw/sh17/kaggle/labels/pexels-photo-5974328.txt,none,,0,5315b95604c3692ead1c47d31a3c34be5d8963704afbdef555bcaa31a523cb2a,official_train_val_no_explicit_test
sh17,train,no_canonical_annotations,datasets/raw/sh17/kaggle/images/pexels-photo-5641955.jpeg,datasets/raw/sh17/kaggle/labels/pexels-photo-5641955.txt,none,,0,dcb77b9145e1e24059f2ef5b97f3abaf0f80d8adfadd9dc38cadb57773ed4100,official_train_val_no_explicit_test
sh17,train,no_canonical_annotations,datasets/raw/sh17/kaggle/images/pexels-photo-5711901.jpeg,datasets/raw/sh17/kaggle/labels/pexels-photo-5711901.txt,none,,0,3724e6aab24c427830438aaa26cd0cccb2466bca9ce826d781cc950f1e00238f,official_train_val_no_explicit_test
sh17,train,no_canonical_annotations,datasets/raw/sh17/kaggle/images/pexels-photo-5726805.jpeg,datasets/raw/sh17/kaggle/labels/pexels-photo-5726805.txt,none,,0,8ec44df46309865c722a95209c3a2c3c34d20c1341d8203bdd0e36d67e3c3830,official_train_val_no_explicit_test
sh17,train,no_canonical_annotations,datasets/raw/sh17/kaggle/images/pexels-photo-4206049.jpeg,datasets/raw/sh17/kaggle/labels/pexels-photo-4206049.txt,none,,0,fbad1ae4b6b8b1569a655030b91f80e82598c769a6c57d1aaa86b5c52d0108f0,official_train_val_no_explicit_test
sh17,train,no_canonical_annotations,datasets/raw/sh17/kaggle/images/pexels-photo-6912864.jpeg,datasets/raw/sh17/kaggle/labels/pexels-photo-6912864.txt,none,,0,219c1b7db9a23e4d27ccc699859b18de9f07a7cef287a7ff3be883b499a95e1d,official_train_val_no_explicit_test
sh17,train,no_canonical_annotations,datasets/raw/sh17/kaggle/images/pexels-photo-5691672.jpeg,datasets/raw/sh17/kaggle/labels/pexels-photo-5691672.txt,none,,0,bfc89d2c0666bf0092ac1ec58dc58a3d9929305a97d4e6b3260fab78bcc2b7bc,official_train_val_no_explicit_test
sh17,train,no_canonical_annotations,datasets/raw/sh17/kaggle/images/pexels-photo-4941980.jpeg,datasets/raw/sh17/kaggle/labels/pexels-photo-4941980.txt,none,,0,d9d719bd437f643e5bf08ab9afa08ce8dc27c9b246ddf9b0d7fed2c4ee76994f,official_train_val_no_explicit_test
sh17,train,no_canonical_annotations,datasets/raw/sh17/kaggle/images/pexels-photo-5863370.jpeg,datasets/raw/sh17/kaggle/labels/pexels-photo-5863370.txt,none,,0,52a88566f1e60fd0971c205f6ae4d0e2c68fa920e1a035af83c12d066af01dce,official_train_val_no_explicit_test
sh17,train,no_canonical_annotations,datasets/raw/sh17/kaggle/images/pexels-photo-6045047.jpeg,datasets/raw/sh17/kaggle/labels/pexels-photo-6045047.txt,none,,0,f3dba90429b4f95992a41f562c5ac915e90df4ba07c6f8c478b3c97d7e1efc62,official_train_val_no_explicit_test
sh17,train,no_canonical_annotations,datasets/raw/sh17/kaggle/images/pexels-photo-17937669.jpeg,datasets/raw/sh17/kaggle/labels/pexels-photo-17937669.txt,none,,0,9439faa25618e06a2c8981c0011c3dc5cdd9dd34339f102ae4c11ff8dab652f7,official_train_val_no_explicit_test
sh17,train,no_canonical_annotations,datasets/raw/sh17/kaggle/images/pexels-photo-7659573.jpeg,datasets/raw/sh17/kaggle/labels/pexels-photo-7659573.txt,none,,0,ed5dc38169ff47995cffbac2dfcf08c095ca00a2fc13bc4735ff2c28929f4dd1,official_train_val_no_explicit_test
sh17,train,no_canonical_annotations,datasets/raw/sh17/kaggle/images/pexels-photo-4792496.jpeg,datasets/raw/sh17/kaggle/labels/pexels-photo-4792496.txt,none,,0,aa1e65b7efd9995f7743e9417307c42e932fda5ac6abaaf9255d19d54145105a,official_train_val_no_explicit_test
sh17,train,no_canonical_annotations,datasets/raw/sh17/kaggle/images/pexels-photo-5642002.jpeg,datasets/raw/sh17/kaggle/labels/pexels-photo-5642002.txt,none,,0,e38ed2ecd68e44ff3e5927748e07a8ff83566970229a7eea0a640397af5af4bb,official_train_val_no_explicit_test
sh17,train,no_canonical_annotations,datasets/raw/sh17/kaggle/images/pexels-photo-6243333.jpeg,datasets/raw/sh17/kaggle/labels/pexels-photo-6243333.txt,none,,0,375b7a461161d4d02f4de97da519de55fa8d112f73f3b95049e1c1a930680310,official_train_val_no_explicit_test
sh17,train,no_canonical_annotations,datasets/raw/sh17/kaggle/images/pexels-photo-3642618.jpeg,datasets/raw/sh17/kaggle/labels/pexels-photo-3642618.txt,none,,0,4f39d4c999a30afe8dcb82e34d705a6fe06cf4b0cd3f67913e585b7cd37fc63d,official_train_val_no_explicit_test
sh17,train,no_canonical_annotations,datasets/raw/sh17/kaggle/images/pexels-photo-6913170.jpeg,datasets/raw/sh17/kaggle/labels/pexels-photo-6913170.txt,none,,0,4c25cca80056d3045bb8e0436f4d78530b5391c26f6bcf54a0eb90f538003117,official_train_val_no_explicit_test
sh17,train,no_canonical_annotations,datasets/raw/sh17/kaggle/images/pexels-photo-4492098.jpeg,datasets/raw/sh17/kaggle/labels/pexels-photo-4492098.txt,none,,0,b07d2e1fff9711cd153e5e322ba4a815bc3e21ca667404663ed278654eaa1665,official_train_val_no_explicit_test
sh17,train,no_canonical_annotations,datasets/raw/sh17/kaggle/images/pexels-photo-7484820.jpeg,datasets/raw/sh17/kaggle/labels/pexels-photo-7484820.txt,none,,0,66e31da8f18b8c66e527bcdb38e84a64b0511d609d152c8bf8822cdd0040ad61,official_train_val_no_explicit_test
sh17,train,no_canonical_annotations,datasets/raw/sh17/kaggle/images/pexels-photo-3855483.jpeg,datasets/raw/sh17/kaggle/labels/pexels-photo-3855483.txt,none,,0,c2665b5ffad33ec10efeb8c65d9b80c2d5429767a1c5a13a9297f45b8f2436dd,official_train_val_no_explicit_test
sh17,train,no_canonical_annotations,datasets/raw/sh17/kaggle/images/pexels-photo-7925827.jpeg,datasets/raw/sh17/kaggle/labels/pexels-photo-7925827.txt,none,,0,4dbef343199db58dcab0ba0576ec9dd452d1a5b2d9461410b0c9e4caba17a1de,official_train_val_no_explicit_test
sh17,train,no_canonical_annotations,datasets/raw/sh17/kaggle/images/pexels-photo-12725399.jpeg,datasets/raw/sh17/kaggle/labels/pexels-photo-12725399.txt,none,,0,3347f379441e431a91484f8a99c116a389fb41e7ba094000362a3ead7b53f1e2,official_train_val_no_explicit_test
sh17,train,no_canonical_annotations,datasets/raw/sh17/kaggle/images/pexels-photo-7278882.jpeg,datasets/raw/sh17/kaggle/labels/pexels-photo-7278882.txt,none,,0,8f66b9ba01100c5306d77b563cffb77bd459d4a006c12f72b164e89b79099008,official_train_val_no_explicit_test
sh17,train,no_canonical_annotations,datasets/raw/sh17/kaggle/images/pexels-photo-4348204.jpeg,datasets/raw/sh17/kaggle/labels/pexels-photo-4348204.txt,none,,0,9f1ac136b360f7d090b88c07e65f9bc1c3506558055d7833120c46c9e34ff76f,official_train_val_no_explicit_test
sh17,train,no_canonical_annotations,datasets/raw/sh17/kaggle/images/pexels-photo-5835467.jpeg,datasets/raw/sh17/kaggle/labels/pexels-photo-5835467.txt,none,,0,10b755ae950a65266dd637e06d226e18ea1dac46f9cccf1f5204641326eadc6e,official_train_val_no_explicit_test
sh17,train,no_canonical_annotations,datasets/raw/sh17/kaggle/images/pexels-photo-4491860.jpeg,datasets/raw/sh17/kaggle/labels/pexels-photo-4491860.txt,none,,0,0fdb39a3b64fa531bc86815d79e350ec244002e615a613889e5643bf75641edc,official_train_val_no_explicit_test
sh17,train,no_canonical_annotations,datasets/raw/sh17/kaggle/images/pexels-photo-7482648.jpeg,datasets/raw/sh17/kaggle/labels/pexels-photo-7482648.txt,none,,0,06d53836ba5ccacd8c2032feb9d65b09eddd9d2bc6f019396ab6e6bc792a100e,official_train_val_no_explicit_test
sh17,train,no_canonical_annotations,datasets/raw/sh17/kaggle/images/pexels-photo-6835301.jpeg,datasets/raw/sh17/kaggle/labels/pexels-photo-6835301.txt,none,,0,2fa56ef8c39a6c6cdea3a04a65750bcebfe06eda09a80215713d65cc9aaff9fb,official_train_val_no_explicit_test
sh17,train,no_canonical_annotations,datasets/raw/sh17/kaggle/images/pexels-photo-7221100.jpeg,datasets/raw/sh17/kaggle/labels/pexels-photo-7221100.txt,none,,0,655c80195fcd30c7005142f90c7d398b0a4bc99dad3a24158f80d10c3e301e63,official_train_val_no_explicit_test
sh17,train,no_canonical_annotations,datasets/raw/sh17/kaggle/images/pexels-photo-4492076.jpeg,datasets/raw/sh17/kaggle/labels/pexels-photo-4492076.txt,none,,0,8ef309d44f7dd36ce79a086c4087bd215f8c6b07d516503cd6687d2614ac744a,official_train_val_no_explicit_test
sh17,train,no_canonical_annotations,datasets/raw/sh17/kaggle/images/pexels-photo-4299424.jpeg,datasets/raw/sh17/kaggle/labels/pexels-photo-4299424.txt,none,,0,0a05dfcb8ce7376c8a468a6ae1967c4d6265eb78ac7c5ca0cd22fb7031235e07,official_train_val_no_explicit_test
sh17,train,no_canonical_annotations,datasets/raw/sh17/kaggle/images/pexels-photo-3861972.jpeg,datasets/raw/sh17/kaggle/labels/pexels-photo-3861972.txt,none,,0,e3be13d7d0748a6c8697b9a91d79e9068b7cf84ae3495b6b6c8bc10fef168702,official_train_val_no_explicit_test
sh17,train,no_canonical_annotations,datasets/raw/sh17/kaggle/images/pexels-photo-6347947.jpeg,datasets/raw/sh17/kaggle/labels/pexels-photo-6347947.txt,none,,0,215080d40a91c5e389a2e5d535c95580613c26bfd940a91a8a2663e8a9749ef7,official_train_val_no_explicit_test
sh17,train,no_canonical_annotations,datasets/raw/sh17/kaggle/images/pexels-photo-5691557.jpeg,datasets/raw/sh17/kaggle/labels/pexels-photo-5691557.txt,none,,0,67fd32e325c759f2250598fae320415f96b4f9f251c421375f29f41e9a914a57,official_train_val_no_explicit_test
sh17,train,no_canonical_annotations,datasets/raw/sh17/kaggle/images/pexels-photo-5726698.jpeg,datasets/raw/sh17/kaggle/labels/pexels-photo-5726698.txt,none,,0,62d43d090e041766642c84313af9d80f1f5de903a309fe832f08bc71c7f5993c,official_train_val_no_explicit_test
sh17,train,no_canonical_annotations,datasets/raw/sh17/kaggle/images/pexels-photo-3855473.jpeg,datasets/raw/sh17/kaggle/labels/pexels-photo-3855473.txt,none,,0,bb25b4c0dc8e00c723af37071ef1515cf6eaca45243e94c9a5db5741d79c33ec,official_train_val_no_explicit_test
sh17,train,no_canonical_annotations,datasets/raw/sh17/kaggle/images/pexels-photo-4792478.jpeg,datasets/raw/sh17/kaggle/labels/pexels-photo-4792478.txt,none,,0,03ac881718779e48ecb0fa7cc67ea2f65a6672fe014282493d0ed2a438571a45,official_train_val_no_explicit_test
sh17,train,no_canonical_annotations,datasets/raw/sh17/kaggle/images/pexels-photo-5711213.jpeg,datasets/raw/sh17/kaggle/labels/pexels-photo-5711213.txt,none,,0,9c78ea3d819564a128571748d3e4af9465e352a633ed01e5969e54e5b508c91f,official_train_val_no_explicit_test
sh17,train,no_canonical_annotations,datasets/raw/sh17/kaggle/images/pexels-photo-3855469.jpeg,datasets/raw/sh17/kaggle/labels/pexels-photo-3855469.txt,none,,0,a2a0dae7f5b5a1799fc3f09766ead6399da5e883b8fd960642e458d40d6b1330,official_train_val_no_explicit_test
sh17,train,no_canonical_annotations,datasets/raw/sh17/kaggle/images/pexels-photo-5089127.jpeg,datasets/raw/sh17/kaggle/labels/pexels-photo-5089127.txt,none,,0,2e6ad33bda8831383281aae7f760739a24f0aff641d55b28884651f590a3368a,official_train_val_no_explicit_test
sh17,train,no_canonical_annotations,datasets/raw/sh17/kaggle/images/pexels-photo-5691539.jpeg,datasets/raw/sh17/kaggle/labels/pexels-photo-5691539.txt,none,,0,45486b104f9a5983647d6d1cd4ccb871aed29a71434132c0ea25df735c438025,official_train_val_no_explicit_test
sh17,train,no_canonical_annotations,datasets/raw/sh17/kaggle/images/pexels-photo-4492085.jpeg,datasets/raw/sh17/kaggle/labels/pexels-photo-4492085.txt,none,,0,39f539c6c9ac54c24c5de36e0ed125bffbad2ff616b54cfe0ade008b380854c6,official_train_val_no_explicit_test
sh17,train,no_canonical_annotations,datasets/raw/sh17/kaggle/images/pexels-photo-5878510.jpeg,datasets/raw/sh17/kaggle/labels/pexels-photo-5878510.txt,none,,0,4d7bc6c321c2f83c3bc38e65a2c09b8c90faf544328034da7c8bfe707dab0bdf,official_train_val_no_explicit_test
sh17,train,no_canonical_annotations,datasets/raw/sh17/kaggle/images/pexels-photo-5760877.jpeg,datasets/raw/sh17/kaggle/labels/pexels-photo-5760877.txt,none,,0,acc2c31c984ba084f621b1db724ce78eb4d95a153c6311ab5aa1baf19d29c258,official_train_val_no_explicit_test
sh17,train,no_canonical_annotations,datasets/raw/sh17/kaggle/images/pexels-photo-6243337.jpeg,datasets/raw/sh17/kaggle/labels/pexels-photo-6243337.txt,none,,0,20d6469ff098bbf4d8f9d32fae635a347a4c3b2f89bdfe331030aad644bca24b,official_train_val_no_explicit_test
sh17,train,no_canonical_annotations,datasets/raw/sh17/kaggle/images/pexels-photo-6124242.jpeg,datasets/raw/sh17/kaggle/labels/pexels-photo-6124242.txt,none,,0,a529d3259e6f226fe740e198d0e1b7b3e59f69d9032f5d86f12a95a4b20a62c9,official_train_val_no_explicit_test
sh17,train,no_canonical_annotations,datasets/raw/sh17/kaggle/images/pexels-photo-8821538.jpeg,datasets/raw/sh17/kaggle/labels/pexels-photo-8821538.txt,none,,0,28a624e01bac0ffd81b46e1d40d43d56cd3df12c37073cd93b42cb1afe853db2,official_train_val_no_explicit_test
sh17,train,no_canonical_annotations,datasets/raw/sh17/kaggle/images/pexels-photo-7172651.jpeg,datasets/raw/sh17/kaggle/labels/pexels-photo-7172651.txt,none,,0,7b7e454680c6037df887c88a2d9e8ad893aceb2785225e90299cadc6d722dae5,official_train_val_no_explicit_test
sh17,train,no_canonical_annotations,datasets/raw/sh17/kaggle/images/pexels-photo-6913127.jpeg,datasets/raw/sh17/kaggle/labels/pexels-photo-6913127.txt,none,,0,80d988091856605a7eac545c650e220f60e289eda5a313f5c20a1efdc503fe7e,official_train_val_no_explicit_test
sh17,train,no_canonical_annotations,datasets/raw/sh17/kaggle/images/pexels-photo-7256872.jpeg,datasets/raw/sh17/kaggle/labels/pexels-photo-7256872.txt,none,,0,6b1a89171347bed8faebab1fc532bdd241afa4f2a48788eb59ce4034bd7c2229,official_train_val_no_explicit_test
sh17,train,no_canonical_annotations,datasets/raw/sh17/kaggle/images/pexels-photo-5089117.jpeg,datasets/raw/sh17/kaggle/labels/pexels-photo-5089117.txt,none,,0,2c2f604cf187251ff3dc5f36722b554abf62896eb7973d8d3d25cca1acf173b7,official_train_val_no_explicit_test
sh17,train,no_canonical_annotations,datasets/raw/sh17/kaggle/images/pexels-photo-5974038.jpeg,datasets/raw/sh17/kaggle/labels/pexels-photo-5974038.txt,none,,0,0ec0acae7f2f95d1f6da0bba825724b1cc020c8ced7238bff6598ddf8bae9f63,official_train_val_no_explicit_test
sh17,train,no_canonical_annotations,datasets/raw/sh17/kaggle/images/pexels-photo-6205587.jpeg,datasets/raw/sh17/kaggle/labels/pexels-photo-6205587.txt,none,,0,2b5bf359141bc2877ffb5d56cf5d8c2742f06c8937a60bea08378e58d4c0a89d,official_train_val_no_explicit_test
sh17,train,no_canonical_annotations,datasets/raw/sh17/kaggle/images/pexels-photo-3855768.jpeg,datasets/raw/sh17/kaggle/labels/pexels-photo-3855768.txt,none,,0,6cb454796d59b730b5877ff20134c2306e18be0188355825751bf66fe6389bb8,official_train_val_no_explicit_test
sh17,train,no_canonical_annotations,datasets/raw/sh17/kaggle/images/pexels-photo-5726714.jpeg,datasets/raw/sh17/kaggle/labels/pexels-photo-5726714.txt,none,,0,fc250a4dab5a0092622cb228efe4954db7c52b638c0a8414742b18d3e43911af,official_train_val_no_explicit_test
sh17,train,no_canonical_annotations,datasets/raw/sh17/kaggle/images/pexels-photo-209235.jpeg,datasets/raw/sh17/kaggle/labels/pexels-photo-209235.txt,none,,0,9d89cc665281bfcc5a5efded17d76d79f721e03ca7604e967e92f78aecf6362f,official_train_val_no_explicit_test
sh17,train,no_canonical_annotations,datasets/raw/sh17/kaggle/images/pexels-photo-5410116.jpeg,datasets/raw/sh17/kaggle/labels/pexels-photo-5410116.txt,none,,0,924b06493102d312a9def117962854c4666016ebc1f0c87cdcb109b714df9da8,official_train_val_no_explicit_test
sh17,train,no_canonical_annotations,datasets/raw/sh17/kaggle/images/pexels-photo-6764914.jpeg,datasets/raw/sh17/kaggle/labels/pexels-photo-6764914.txt,none,,0,fffaacb87ca3e4f25bd4d9d28bd9b916cba482ebcbca134303b019c6884ef0d3,official_train_val_no_explicit_test
sh17,train,no_canonical_annotations,datasets/raw/sh17/kaggle/images/pexels-photo-7245746.jpeg,datasets/raw/sh17/kaggle/labels/pexels-photo-7245746.txt,none,,0,069e39f324ec40e8570c49739924c8898fa36875d8e59e881893d7fc97ed6fbb,official_train_val_no_explicit_test
sh17,train,no_canonical_annotations,datasets/raw/sh17/kaggle/images/pexels-photo-226003.jpeg,datasets/raw/sh17/kaggle/labels/pexels-photo-226003.txt,none,,0,88b404b2866e23d5a87a6ddbad52703bd2d994862f42332b00623116b5292471,official_train_val_no_explicit_test
sh17,train,no_canonical_annotations,datasets/raw/sh17/kaggle/images/pexels-photo-13296066.jpeg,datasets/raw/sh17/kaggle/labels/pexels-photo-13296066.txt,none,,0,9bbb9f4840641d000c29a4c4d6fd7d5c269d46efd2b7549612dfa0ae1b3d6f58,official_train_val_no_explicit_test
sh17,train,no_canonical_annotations,datasets/raw/sh17/kaggle/images/pexels-photo-5711873.jpeg,datasets/raw/sh17/kaggle/labels/pexels-photo-5711873.txt,none,,0,7ccc47fdc3a385448a6c9cc1d4d013e7fb2e2b58665b1454c5c41618bb5837dd,official_train_val_no_explicit_test
sh17,train,no_canonical_annotations,datasets/raw/sh17/kaggle/images/pexels-photo-5710752.jpeg,datasets/raw/sh17/kaggle/labels/pexels-photo-5710752.txt,none,,0,9441affd3274b698a76e505dab5cfd9b7dc20f6f713d66e1cdc2b8517eaaff3b,official_train_val_no_explicit_test
sh17,train,no_canonical_annotations,datasets/raw/sh17/kaggle/images/pexels-photo-3867603.jpeg,datasets/raw/sh17/kaggle/labels/pexels-photo-3867603.txt,none,,0,8c4cf50880448c7413a66875fb3f68a61261c264573814aa4aa9eca9a605b0f1,official_train_val_no_explicit_test
sh17,train,no_canonical_annotations,datasets/raw/sh17/kaggle/images/pexels-photo-5973854.jpeg,datasets/raw/sh17/kaggle/labels/pexels-photo-5973854.txt,none,,0,13c039747e493fc496cdd6b669b31c54dbdc48670dd6b3b8f899a2b7dc3d5e7f,official_train_val_no_explicit_test
sh17,train,no_canonical_annotations,datasets/raw/sh17/kaggle/images/pexels-photo-4350485.jpeg,datasets/raw/sh17/kaggle/labels/pexels-photo-4350485.txt,none,,0,d35107347c9f2b0e7d6ef266386d8d917fb526fe1c3c3f08a9242eadcf29a247,official_train_val_no_explicit_test
sh17,train,no_canonical_annotations,datasets/raw/sh17/kaggle/images/pexels-photo-3997249.jpeg,datasets/raw/sh17/kaggle/labels/pexels-photo-3997249.txt,none,,0,c21553c41caa18e094cdaa3cfcd05f2932f083a651b8ea48cb2a466ddcb34a24,official_train_val_no_explicit_test
sh17,train,no_canonical_annotations,datasets/raw/sh17/kaggle/images/pexels-photo-9242900.jpeg,datasets/raw/sh17/kaggle/labels/pexels-photo-9242900.txt,none,,0,a096a3c1a1cda31319305f2068ee2ac9349412456eddb534a3c976bb3e68bf45,official_train_val_no_explicit_test
sh17,train,no_canonical_annotations,datasets/raw/sh17/kaggle/images/pexels-photo-4488660.jpeg,datasets/raw/sh17/kaggle/labels/pexels-photo-4488660.txt,none,,0,4b03ffe87fe77f7264805ea57f155c8a7c0ce0067d1eba12aaadfcfacc845f66,official_train_val_no_explicit_test
sh17,train,no_canonical_annotations,datasets/raw/sh17/kaggle/images/pexels-photo-5973969.jpeg,datasets/raw/sh17/kaggle/labels/pexels-photo-5973969.txt,none,,0,6fb39673e751e9f75fe85f2f324d56455830870ecfa0abd0a33120f793a8892f,official_train_val_no_explicit_test
sh17,train,no_canonical_annotations,datasets/raw/sh17/kaggle/images/pexels-photo-5691515.jpeg,datasets/raw/sh17/kaggle/labels/pexels-photo-5691515.txt,none,,0,8fac7c5439d65b626b17c2c8a1d0389a4bd44bce6608b971340ca02deae8e94f,official_train_val_no_explicit_test
sh17,train,no_canonical_annotations,datasets/raw/sh17/kaggle/images/pexels-photo-5691629.jpeg,datasets/raw/sh17/kaggle/labels/pexels-photo-5691629.txt,none,,0,30c719583dca349e4a9fa3b94362cf6044fe960c2f114f1956f7a75e4c6a57ab,official_train_val_no_explicit_test
sh17,train,no_canonical_annotations,datasets/raw/sh17/kaggle/images/pexels-photo-3936360.jpeg,datasets/raw/sh17/kaggle/labels/pexels-photo-3936360.txt,none,,0,f410c159303619cfc67ccf866df626e1d3002be525d97cf06609ffc90af2659a,official_train_val_no_explicit_test
sh17,train,no_canonical_annotations,datasets/raw/sh17/kaggle/images/pexels-photo-4820783.jpeg,datasets/raw/sh17/kaggle/labels/pexels-photo-4820783.txt,none,,0,71d4d204dcd382a0578a2c54ba1e80b396557042235f4938aa4f501503d3686d,official_train_val_no_explicit_test
sh17,train,no_canonical_annotations,datasets/raw/sh17/kaggle/images/pexels-photo-5691701.jpeg,datasets/raw/sh17/kaggle/labels/pexels-photo-5691701.txt,none,,0,3710c3b63682fd2a4b75873296d407b041aa4be62621466dfcf7ac0ed8ae0c95,official_train_val_no_explicit_test
sh17,train,no_canonical_annotations,datasets/raw/sh17/kaggle/images/pexels-photo-9870146.jpeg,datasets/raw/sh17/kaggle/labels/pexels-photo-9870146.txt,none,,0,a9bceb2589691540097a254c06c17e4714adc38b4fea6aea4c2f61ec11d6bf5b,official_train_val_no_explicit_test
sh17,train,no_canonical_annotations,datasets/raw/sh17/kaggle/images/pexels-photo-7220824.jpeg,datasets/raw/sh17/kaggle/labels/pexels-photo-7220824.txt,none,,0,1f658fedec9460c9ba7857564baa2677df75dbf756475b26d443a817caa39c94,official_train_val_no_explicit_test
sh17,train,no_canonical_annotations,datasets/raw/sh17/kaggle/images/pexels-photo-3855334.jpeg,datasets/raw/sh17/kaggle/labels/pexels-photo-3855334.txt,none,,0,732d9884529120184f126c41df9f1527e08140cb86cd91a17e1f7335d36dc1b1,official_train_val_no_explicit_test
sh17,train,no_canonical_annotations,datasets/raw/sh17/kaggle/images/pexels-photo-7194758.jpeg,datasets/raw/sh17/kaggle/labels/pexels-photo-7194758.txt,none,,0,f4383d579e59a8d6ac7debb79f5c1b1d956cbb961e074b4672de5fa29fcf266f,official_train_val_no_explicit_test
sh17,train,no_canonical_annotations,datasets/raw/sh17/kaggle/images/pexels-photo-11349965.jpeg,datasets/raw/sh17/kaggle/labels/pexels-photo-11349965.txt,none,,0,43bbb1e5fa0f60f08aba1acb60f20d87bb0b420c36948ec16095bbd04b6e9146,official_train_val_no_explicit_test
sh17,train,no_canonical_annotations,datasets/raw/sh17/kaggle/images/pexels-photo-7147744.jpeg,datasets/raw/sh17/kaggle/labels/pexels-photo-7147744.txt,none,,0,6a8f5ee7c8a478cc33f0596ac251e8b306dcfe9734b520a996433d26a7497b03,official_train_val_no_explicit_test
sh17,train,no_canonical_annotations,datasets/raw/sh17/kaggle/images/pexels-photo-14118226.jpeg,datasets/raw/sh17/kaggle/labels/pexels-photo-14118226.txt,none,,0,fc4411d71e4f0ea9553b11fbdd0d030c58eda23fde48955347ff52afb5f936e1,official_train_val_no_explicit_test
sh17,train,no_canonical_annotations,datasets/raw/sh17/kaggle/images/pexels-photo-5201986.jpeg,datasets/raw/sh17/kaggle/labels/pexels-photo-5201986.txt,none,,0,b58acb0f33763de61b9768d9571ba675e9a80a950ad6cb287df49b4867971098,official_train_val_no_explicit_test
sh17,train,no_canonical_annotations,datasets/raw/sh17/kaggle/images/pexels-photo-5766461.jpeg,datasets/raw/sh17/kaggle/labels/pexels-photo-5766461.txt,none,,0,24db414cca01f373b695772346c9763e80d216495e90d5c3b2a24a1af63792bc,official_train_val_no_explicit_test
sh17,train,no_canonical_annotations,datasets/raw/sh17/kaggle/images/pexels-photo-3822938.jpeg,datasets/raw/sh17/kaggle/labels/pexels-photo-3822938.txt,none,,0,bd31ca23e13f94594be80d187dab2b29ee4d0f3bf942b70e00f0d9538c51d894,official_train_val_no_explicit_test
sh17,train,no_canonical_annotations,datasets/raw/sh17/kaggle/images/pexels-photo-5233264.jpeg,datasets/raw/sh17/kaggle/labels/pexels-photo-5233264.txt,none,,0,5c7b06e0823e9a90028c0ba2f0959de3b2cc79f287ff4cadefb4a64f56afd3eb,official_train_val_no_explicit_test
sh17,train,no_canonical_annotations,datasets/raw/sh17/kaggle/images/pexels-photo-10375938.jpeg,datasets/raw/sh17/kaggle/labels/pexels-photo-10375938.txt,none,,0,07a9814dc31e653f692645fd7f9c088c10ade358635bdb67d164dbf7c1af6d67,official_train_val_no_explicit_test
sh17,train,no_canonical_annotations,datasets/raw/sh17/kaggle/images/pexels-photo-7147680.jpeg,datasets/raw/sh17/kaggle/labels/pexels-photo-7147680.txt,none,,0,790f546a75fded93b4e171483c5a7c727dfd99a903e11af4ff504d5474836d4d,official_train_val_no_explicit_test
sh17,train,no_canonical_annotations,datasets/raw/sh17/kaggle/images/pexels-photo-3850209.jpeg,datasets/raw/sh17/kaggle/labels/pexels-photo-3850209.txt,none,,0,29b68a39388958ec09ed7a1f3729afadc4b64d74272a9822d66f2c13f750631e,official_train_val_no_explicit_test
sh17,train,no_canonical_annotations,datasets/raw/sh17/kaggle/images/pexels-photo-5711825.jpeg,datasets/raw/sh17/kaggle/labels/pexels-photo-5711825.txt,none,,0,b2449d26c6315319d8b73bae026a4b9f2faa102494e4702d1c78ffeb26b70f39,official_train_val_no_explicit_test
sh17,train,no_canonical_annotations,datasets/raw/sh17/kaggle/images/pexels-photo-5715893.jpeg,datasets/raw/sh17/kaggle/labels/pexels-photo-5715893.txt,none,,0,2250b3faa2e4343c5164a7aa42fd115f64f2f416ae960603bcbada1016c2adeb,official_train_val_no_explicit_test
sh17,train,no_canonical_annotations,datasets/raw/sh17/kaggle/images/pexels-photo-6074927.jpeg,datasets/raw/sh17/kaggle/labels/pexels-photo-6074927.txt,none,,0,4c28d148026894267814203e10dc87e5207ede03fe1baaa2500efa89164ca4ef,official_train_val_no_explicit_test
sh17,train,no_canonical_annotations,datasets/raw/sh17/kaggle/images/pexels-photo-6045041.jpeg,datasets/raw/sh17/kaggle/labels/pexels-photo-6045041.txt,none,,0,0ca5138da0896420ca1db9baea4a125670922e77c98085fca56365bfd43b23e4,official_train_val_no_explicit_test
sh17,train,no_canonical_annotations,datasets/raw/sh17/kaggle/images/pexels-photo-8940462.jpeg,datasets/raw/sh17/kaggle/labels/pexels-photo-8940462.txt,none,,0,f50e4ffd5de8ca137d8e0a9b1dd3f80d78ce9c19604326a14cb4fafd8bd806bc,official_train_val_no_explicit_test
sh17,train,no_canonical_annotations,datasets/raw/sh17/kaggle/images/pexels-photo-5715879.jpeg,datasets/raw/sh17/kaggle/labels/pexels-photo-5715879.txt,none,,0,160c123ba4b13173e66e8b0b4ced78858153c2c38429046295b8715b5884cdbe,official_train_val_no_explicit_test
sh17,train,no_canonical_annotations,datasets/raw/sh17/kaggle/images/pexels-photo-15546799.jpeg,datasets/raw/sh17/kaggle/labels/pexels-photo-15546799.txt,none,,0,dd20497eabe964e26f8bb1248298f5bd315a96520a22c9e5147e74646d9788bd,official_train_val_no_explicit_test
sh17,train,no_canonical_annotations,datasets/raw/sh17/kaggle/images/pexels-photo-7659564.jpeg,datasets/raw/sh17/kaggle/labels/pexels-photo-7659564.txt,none,,0,f0669d59be3caa80e47da6c96f09ba0e03cd95767d374530637bfe8849763fd2,official_train_val_no_explicit_test
sh17,train,no_canonical_annotations,datasets/raw/sh17/kaggle/images/pexels-photo-5691518.jpeg,datasets/raw/sh17/kaggle/labels/pexels-photo-5691518.txt,none,,0,7b3aad578c905a2986a631d0ae3f30d2abf4f453fe9650d08b365323d62d4fb2,official_train_val_no_explicit_test
sh17,train,no_canonical_annotations,datasets/raw/sh17/kaggle/images/pexels-photo-4491908.jpeg,datasets/raw/sh17/kaggle/labels/pexels-photo-4491908.txt,none,,0,412b86a5ad6bbe6b3627a88636766149d6bda3f545efa28a06796010a6f72d69,official_train_val_no_explicit_test
sh17,train,no_canonical_annotations,datasets/raw/sh17/kaggle/images/pexels-photo-7234642.jpeg,datasets/raw/sh17/kaggle/labels/pexels-photo-7234642.txt,none,,0,02377f7707e727ad3b96fcfb7ce7ba1db0e27e332e200e3d12598a0fa2067e0c,official_train_val_no_explicit_test
sh17,train,no_canonical_annotations,datasets/raw/sh17/kaggle/images/pexels-photo-5466156.jpeg,datasets/raw/sh17/kaggle/labels/pexels-photo-5466156.txt,none,,0,802590b2dc7696f176e9c05711e210657c992da072ace48f9be0dab225087404,official_train_val_no_explicit_test
sh17,train,no_canonical_annotations,datasets/raw/sh17/kaggle/images/pexels-photo-6263064.jpeg,datasets/raw/sh17/kaggle/labels/pexels-photo-6263064.txt,none,,0,685eb2daf53ded8509fc026e84675416978d4cca19c60150c2e9ea1b181eb37b,official_train_val_no_explicit_test
sh17,train,no_canonical_annotations,datasets/raw/sh17/kaggle/images/pexels-photo-7245747.jpeg,datasets/raw/sh17/kaggle/labels/pexels-photo-7245747.txt,none,,0,cfa354b3ac1d4506c65099c5baf42694f7fcd959b44af4eed584584fdd36eab6,official_train_val_no_explicit_test
sh17,train,no_canonical_annotations,datasets/raw/sh17/kaggle/images/pexels-photo-5532833.jpeg,datasets/raw/sh17/kaggle/labels/pexels-photo-5532833.txt,none,,0,bdbc65623747c10c1077f6dabeef4fe120c55247190a4c7935eb3aba1f304838,official_train_val_no_explicit_test
sh17,train,no_canonical_annotations,datasets/raw/sh17/kaggle/images/pexels-photo-4140940.jpeg,datasets/raw/sh17/kaggle/labels/pexels-photo-4140940.txt,none,,0,e517f0fc60b9d6780be23a5bae5fbde80b078f59b5080500345ff01d3006e81c,official_train_val_no_explicit_test
sh17,train,no_canonical_annotations,datasets/raw/sh17/kaggle/images/pexels-photo-3861787.jpeg,datasets/raw/sh17/kaggle/labels/pexels-photo-3861787.txt,none,,0,d03bb3512b3e22fe15737af6a3b9d1f66af43ae9270a71a266b98b580accb49f,official_train_val_no_explicit_test
sh17,train,no_canonical_annotations,datasets/raw/sh17/kaggle/images/pexels-photo-5691681.jpeg,datasets/raw/sh17/kaggle/labels/pexels-photo-5691681.txt,none,,0,1637c35fbb349f6db9b57460dd22e8129c9e30c4c616decdc28ffe1af1ada69a,official_train_val_no_explicit_test
sh17,train,no_canonical_annotations,datasets/raw/sh17/kaggle/images/pexels-photo-7125542.jpeg,datasets/raw/sh17/kaggle/labels/pexels-photo-7125542.txt,none,,0,a0c2746e6b2547c8f2ff49fd54ff7816bf4ddebe05153b94b41ba29cdb4123c3,official_train_val_no_explicit_test
sh17,train,no_canonical_annotations,datasets/raw/sh17/kaggle/images/pexels-photo-5410127.jpeg,datasets/raw/sh17/kaggle/labels/pexels-photo-5410127.txt,none,,0,96fac488e7bd04121cba75d8293d1fed0c9af13e363642fbbe707430e7cc1ac8,official_train_val_no_explicit_test
sh17,train,no_canonical_annotations,datasets/raw/sh17/kaggle/images/pexels-photo-12899079.jpeg,datasets/raw/sh17/kaggle/labels/pexels-photo-12899079.txt,none,,0,f506f72323e4e832eeed9596effd5607493fc31bed0221134863584e8deda115,official_train_val_no_explicit_test
sh17,train,no_canonical_annotations,datasets/raw/sh17/kaggle/images/pexels-photo-8426683.jpeg,datasets/raw/sh17/kaggle/labels/pexels-photo-8426683.txt,none,,0,c890c725d977f408305c81a940c368e7e8c7f0e15f595627ca8cccf958139f3f,official_train_val_no_explicit_test
sh17,train,no_canonical_annotations,datasets/raw/sh17/kaggle/images/pexels-photo-5691498.jpeg,datasets/raw/sh17/kaggle/labels/pexels-photo-5691498.txt,none,,0,e4b04c607a42d22c63e2e94b934eda987ac6f6d5f89eb51ad1aef700060fcfea,official_train_val_no_explicit_test
sh17,train,no_canonical_annotations,datasets/raw/sh17/kaggle/images/pexels-photo-14118331.jpeg,datasets/raw/sh17/kaggle/labels/pexels-photo-14118331.txt,none,,0,45e9e4821ae3006ac3cf3791fcf42fa46041e1a48f4d1947486eabf7f519c3bf,official_train_val_no_explicit_test
sh17,train,no_canonical_annotations,datasets/raw/sh17/kaggle/images/pexels-photo-5862314.jpeg,datasets/raw/sh17/kaggle/labels/pexels-photo-5862314.txt,none,,0,b4715bea5277388009cff035eb82e95cc104fc46de066c7ac852cb6ea7995d48,official_train_val_no_explicit_test
sh17,train,no_canonical_annotations,datasets/raw/sh17/kaggle/images/pexels-photo-4491851.jpeg,datasets/raw/sh17/kaggle/labels/pexels-photo-4491851.txt,none,,0,686f7e665ff0d75453a313303575f0d7498358b50a974a3361a4888db38ae458,official_train_val_no_explicit_test
sh17,train,no_canonical_annotations,datasets/raw/sh17/kaggle/images/pexels-photo-5974037.jpeg,datasets/raw/sh17/kaggle/labels/pexels-photo-5974037.txt,none,,0,1a74bba6ba5fc969ff47a74ed6df3c6b97b274881530a4eda483edab7168ceb7,official_train_val_no_explicit_test
sh17,train,no_canonical_annotations,datasets/raw/sh17/kaggle/images/pexels-photo-4240497.jpeg,datasets/raw/sh17/kaggle/labels/pexels-photo-4240497.txt,none,,0,0cd1fda0ed1cde1edd1b6c3614792f4afbb630fd5657271bd488e4d2ee96b54e,official_train_val_no_explicit_test
sh17,train,no_canonical_annotations,datasets/raw/sh17/kaggle/images/pexels-photo-8820179.jpeg,datasets/raw/sh17/kaggle/labels/pexels-photo-8820179.txt,none,,0,5907962797708df16358e99ae4ea9c7c65434fdabec8a2d2d1b2cef40182bc8f,official_train_val_no_explicit_test
sh17,train,no_canonical_annotations,datasets/raw/sh17/kaggle/images/pexels-photo-5760879.jpeg,datasets/raw/sh17/kaggle/labels/pexels-photo-5760879.txt,none,,0,6613d1c429eec11871432530ba2ef37e0c11c76161a8d7e697b8081cbb1d352b,official_train_val_no_explicit_test
sh17,train,no_canonical_annotations,datasets/raw/sh17/kaggle/images/pexels-photo-13296054.jpeg,datasets/raw/sh17/kaggle/labels/pexels-photo-13296054.txt,none,,0,e008c543cfe0a73327f7b62b2809f5ff024fb20ca847a6ac2c62f3fad01dff79,official_train_val_no_explicit_test
sh17,train,no_canonical_annotations,datasets/raw/sh17/kaggle/images/pexels-photo-6507130.jpeg,datasets/raw/sh17/kaggle/labels/pexels-photo-6507130.txt,none,,0,86daebfb894731f7fe3b393e1afca5ca5c286188b8d8fd9d48886ed70830362b,official_train_val_no_explicit_test
sh17,train,no_canonical_annotations,datasets/raw/sh17/kaggle/images/pexels-photo-5863368.jpeg,datasets/raw/sh17/kaggle/labels/pexels-photo-5863368.txt,none,,0,163525b021614c6245cd0a57abe747ca6cfe1192d6d6e2e927aa61e724e556d1,official_train_val_no_explicit_test
sh17,train,no_canonical_annotations,datasets/raw/sh17/kaggle/images/pexels-photo-6790060.jpeg,datasets/raw/sh17/kaggle/labels/pexels-photo-6790060.txt,none,,0,5258a77edd78e61244590f9c9d099625a6c9d30d3a6852507f0cb856995de929,official_train_val_no_explicit_test
sh17,train,no_canonical_annotations,datasets/raw/sh17/kaggle/images/pexels-photo-4620608.jpeg,datasets/raw/sh17/kaggle/labels/pexels-photo-4620608.txt,none,,0,123b0ee4f3ca54eaf22c8c6dd1b7e6c85de6c80ba44cf076d2502b7938d57036,official_train_val_no_explicit_test
sh17,train,no_canonical_annotations,datasets/raw/sh17/kaggle/images/pexels-photo-8820190.jpeg,datasets/raw/sh17/kaggle/labels/pexels-photo-8820190.txt,none,,0,7e5d512796718e123d26864c47cd0cd6835c0bb043bc56e9a4fe5c69304bd6bc,official_train_val_no_explicit_test
sh17,train,no_canonical_annotations,datasets/raw/sh17/kaggle/images/pexels-photo-7219184.jpeg,datasets/raw/sh17/kaggle/labels/pexels-photo-7219184.txt,none,,0,3bb9a3f404a9fda623968b6e8f32627110ec5f5479cfb4dab26f947c74a286fd,official_train_val_no_explicit_test
sh17,train,no_canonical_annotations,datasets/raw/sh17/kaggle/images/pexels-photo-3825540.jpeg,datasets/raw/sh17/kaggle/labels/pexels-photo-3825540.txt,none,,0,501972fc67226a86be9596274df7507f9c34d8ae8c28ead6ca7b041677ff275f,official_train_val_no_explicit_test
sh17,train,no_canonical_annotations,datasets/raw/sh17/kaggle/images/pexels-photo-3975677.jpeg,datasets/raw/sh17/kaggle/labels/pexels-photo-3975677.txt,none,,0,8b0338ce1cef10be69f2ae3a1acd329a7970c3d674e9cfacefdffdad59a4d1dd,official_train_val_no_explicit_test
sh17,train,no_canonical_annotations,datasets/raw/sh17/kaggle/images/pexels-photo-8133251.jpeg,datasets/raw/sh17/kaggle/labels/pexels-photo-8133251.txt,none,,0,b78194a6e0a951434413cb2a4a1471af1ed6a05b0ffcf46dce0c0ff7b79d51d6,official_train_val_no_explicit_test
sh17,train,no_canonical_annotations,datasets/raw/sh17/kaggle/images/pexels-photo-7256911.jpeg,datasets/raw/sh17/kaggle/labels/pexels-photo-7256911.txt,none,,0,21b43137e9c32af0ca0356d5b67d0afa7879e94d59e76d78891869138822fe04,official_train_val_no_explicit_test
sh17,train,no_canonical_annotations,datasets/raw/sh17/kaggle/images/pexels-photo-4761684.jpeg,datasets/raw/sh17/kaggle/labels/pexels-photo-4761684.txt,none,,0,9c4268b435df9599fe5d9ae8775e51c8df757e75c3365a96a9114fdf45f12bea,official_train_val_no_explicit_test
sh17,train,no_canonical_annotations,datasets/raw/sh17/kaggle/images/pexels-photo-7564870.jpeg,datasets/raw/sh17/kaggle/labels/pexels-photo-7564870.txt,none,,0,e4e55c91fd5b3da82e556da9afa0abbc20b6eeab9583f9b5a1786521cf4e2eb1,official_train_val_no_explicit_test
sh17,train,no_canonical_annotations,datasets/raw/sh17/kaggle/images/pexels-photo-7241378.jpeg,datasets/raw/sh17/kaggle/labels/pexels-photo-7241378.txt,none,,0,3bb175ae2947551b8733a43b6c466e827db42565c6033859b73c571ed672689f,official_train_val_no_explicit_test
sh17,train,no_canonical_annotations,datasets/raw/sh17/kaggle/images/pexels-photo-4239123.jpeg,datasets/raw/sh17/kaggle/labels/pexels-photo-4239123.txt,none,,0,5b43fdbe8338f425921130a21f7f3a82cb0b6deaef9725af4930535e5fcbded1,official_train_val_no_explicit_test
sh17,train,no_canonical_annotations,datasets/raw/sh17/kaggle/images/pexels-photo-6913163.jpeg,datasets/raw/sh17/kaggle/labels/pexels-photo-6913163.txt,none,,0,86745d48675ab957b619bc453318689c5eb50817d6e6dd49b2e7f444b41bdd35,official_train_val_no_explicit_test
sh17,train,no_canonical_annotations,datasets/raw/sh17/kaggle/images/pexels-photo-5410142.jpeg,datasets/raw/sh17/kaggle/labels/pexels-photo-5410142.txt,none,,0,a4b327e13227c109cb281b2d86e701be41a80add79afa6048d206354c631aa52,official_train_val_no_explicit_test
sh17,train,no_canonical_annotations,datasets/raw/sh17/kaggle/images/pexels-photo-10395741.jpeg,datasets/raw/sh17/kaggle/labels/pexels-photo-10395741.txt,none,,0,f78ec2f9a6d535ccb0d9c647374299666d6e64c337b941e9257bb418e6266f77,official_train_val_no_explicit_test
sh17,train,no_canonical_annotations,datasets/raw/sh17/kaggle/images/pexels-photo-4491874.jpeg,datasets/raw/sh17/kaggle/labels/pexels-photo-4491874.txt,none,,0,7460a0416061850aa85d1f32ad0d5c8eb776556c8fd7ad8e14b1d9792ade2ea5,official_train_val_no_explicit_test
sh17,train,no_canonical_annotations,datasets/raw/sh17/kaggle/images/pexels-photo-4195503.jpeg,datasets/raw/sh17/kaggle/labels/pexels-photo-4195503.txt,none,,0,b351de96b5ad6496ca7837102543665d12950793f9ee4306125752f7c3dbf938,official_train_val_no_explicit_test
sh17,train,no_canonical_annotations,datasets/raw/sh17/kaggle/images/pexels-photo-8195876.jpeg,datasets/raw/sh17/kaggle/labels/pexels-photo-8195876.txt,none,,0,47f620977db23753e9252f37796b6f54a6a0aa5625ddcdbd58a4b858e526ed71,official_train_val_no_explicit_test
sh17,train,no_canonical_annotations,datasets/raw/sh17/kaggle/images/pexels-photo-4205986.jpeg,datasets/raw/sh17/kaggle/labels/pexels-photo-4205986.txt,none,,0,aa31e63ce9e0b1cf0703827070c0ee060f7ecbe7234e22ffa8f236201f864226,official_train_val_no_explicit_test
sh17,train,no_canonical_annotations,datasets/raw/sh17/kaggle/images/pexels-photo-6294381.jpeg,datasets/raw/sh17/kaggle/labels/pexels-photo-6294381.txt,none,,0,f0351f6d12120b2b133ace86c0a025954fba4e944bf2fc41e33f9fd116870f18,official_train_val_no_explicit_test
sh17,train,no_canonical_annotations,datasets/raw/sh17/kaggle/images/pexels-photo-12307631.jpeg,datasets/raw/sh17/kaggle/labels/pexels-photo-12307631.txt,none,,0,6849f7dc6c860b4e442283ef903ca96d26bc96207e9bb69c2ada990f25416b66,official_train_val_no_explicit_test
sh17,train,no_canonical_annotations,datasets/raw/sh17/kaggle/images/pexels-photo-3993308.jpeg,datasets/raw/sh17/kaggle/labels/pexels-photo-3993308.txt,none,,0,51026b543fd4fd8b1bcb68ba52dbdf6540699a3139c2a12870d8d0989f00fa0b,official_train_val_no_explicit_test
sh17,train,no_canonical_annotations,datasets/raw/sh17/kaggle/images/pexels-photo-5691694.jpeg,datasets/raw/sh17/kaggle/labels/pexels-photo-5691694.txt,none,,0,51ec2238cfa88de9d153d4da0ba5278af9df5c088ed7d0c50257ef8222a4ece4,official_train_val_no_explicit_test
sh17,train,no_canonical_annotations,datasets/raw/sh17/kaggle/images/pexels-photo-7482646.jpeg,datasets/raw/sh17/kaggle/labels/pexels-photo-7482646.txt,none,,0,480758defd47813dddcd968c10798192c32c798708b1e850b1f57252d191ebbf,official_train_val_no_explicit_test
sh17,train,no_canonical_annotations,datasets/raw/sh17/kaggle/images/pexels-photo-9875413.jpeg,datasets/raw/sh17/kaggle/labels/pexels-photo-9875413.txt,none,,0,5c5e67b2bd2a067c81ce059e0d34778c8fceed9fea0938bede1000b4940aa278,official_train_val_no_explicit_test
sh17,train,no_canonical_annotations,datasets/raw/sh17/kaggle/images/pexels-photo-4349760.jpeg,datasets/raw/sh17/kaggle/labels/pexels-photo-4349760.txt,none,,0,d57ea180fa3065ddf8351b5cb1d5bf0f9ec0f1504001d1e4b07c33bad3479fb0,official_train_val_no_explicit_test
sh17,train,no_canonical_annotations,datasets/raw/sh17/kaggle/images/pexels-photo-5691626.jpeg,datasets/raw/sh17/kaggle/labels/pexels-photo-5691626.txt,none,,0,aeca0dcf6bd57e25178c18009eefa13972168c4ad795470d04bf151359941092,official_train_val_no_explicit_test
sh17,train,no_canonical_annotations,datasets/raw/sh17/kaggle/images/pexels-photo-4258041.jpeg,datasets/raw/sh17/kaggle/labels/pexels-photo-4258041.txt,none,,0,05c1a0c76873f6c518905a751fd26becbefff932a38af67c86eababd2b9311ac,official_train_val_no_explicit_test
sh17,train,no_canonical_annotations,datasets/raw/sh17/kaggle/images/pexels-photo-7241368.jpeg,datasets/raw/sh17/kaggle/labels/pexels-photo-7241368.txt,none,,0,75fb30ced74f2bb7b561e0a814bc40bbab79337cfc82c7e01009319cf6e21a12,official_train_val_no_explicit_test
sh17,train,no_canonical_annotations,datasets/raw/sh17/kaggle/images/pexels-photo-5715880.jpeg,datasets/raw/sh17/kaggle/labels/pexels-photo-5715880.txt,none,,0,83ed12668d648d8b9e42fc35042aeb16e911228fddbaf9ebfab22498c4f3ee5f,official_train_val_no_explicit_test
sh17,train,no_canonical_annotations,datasets/raw/sh17/kaggle/images/pexels-photo-5974025.jpeg,datasets/raw/sh17/kaggle/labels/pexels-photo-5974025.txt,none,,0,dacd15256247bc6bbf4c53b40a986ee1e4e42878a4f2a7510cf3a9ab7bd2ecf2,official_train_val_no_explicit_test
sh17,train,no_canonical_annotations,datasets/raw/sh17/kaggle/images/pexels-photo-5230965.jpeg,datasets/raw/sh17/kaggle/labels/pexels-photo-5230965.txt,none,,0,75c166922e8ae5311df8b879a2d52d860dca370bbe3afa3d63b0bce1297eea14,official_train_val_no_explicit_test
sh17,train,no_canonical_annotations,datasets/raw/sh17/kaggle/images/pexels-photo-3912373.jpeg,datasets/raw/sh17/kaggle/labels/pexels-photo-3912373.txt,none,,0,f736bff2a7ba52a48878e80a5a106069a4cdfb71c4ea5b09cdd214fd420732f9,official_train_val_no_explicit_test
sh17,train,no_canonical_annotations,datasets/raw/sh17/kaggle/images/pexels-photo-5490208.jpeg,datasets/raw/sh17/kaggle/labels/pexels-photo-5490208.txt,none,,0,54aeef3745c65c5dc58fab2dfdf07ea1571a63034cfd46e595835d0ba28bc059,official_train_val_no_explicit_test
sh17,train,no_canonical_annotations,datasets/raw/sh17/kaggle/images/pexels-photo-3050833.jpeg,datasets/raw/sh17/kaggle/labels/pexels-photo-3050833.txt,none,,0,d37bd7514038eb4e6efd8786436dbf0958107057d29bcb8dd9a0310db6872623,official_train_val_no_explicit_test
sh17,train,no_canonical_annotations,datasets/raw/sh17/kaggle/images/pexels-photo-3822859.jpeg,datasets/raw/sh17/kaggle/labels/pexels-photo-3822859.txt,none,,0,a1b8a92696a5288469433eeb9463ae359b79127989c5b094e4aece59c0dc0427,official_train_val_no_explicit_test
sh17,train,no_canonical_annotations,datasets/raw/sh17/kaggle/images/pexels-photo-6851271.jpeg,datasets/raw/sh17/kaggle/labels/pexels-photo-6851271.txt,none,,0,3722cc9c079c2c6d81ad95e025ac3bd253403d44ed9b093285c16991278df244,official_train_val_no_explicit_test
sh17,train,no_canonical_annotations,datasets/raw/sh17/kaggle/images/pexels-photo-7728381.jpeg,datasets/raw/sh17/kaggle/labels/pexels-photo-7728381.txt,none,,0,619f6271d815061677fff1d230c41e921d1fef988cd42587b3dc5d8b382b4770,official_train_val_no_explicit_test
sh17,train,no_canonical_annotations,datasets/raw/sh17/kaggle/images/pexels-photo-8447845.jpeg,datasets/raw/sh17/kaggle/labels/pexels-photo-8447845.txt,none,,0,cbf404534021102b0ff862dab019794bf7e87933263a18b87d2dc2b71ed516d5,official_train_val_no_explicit_test
sh17,train,no_canonical_annotations,datasets/raw/sh17/kaggle/images/pexels-photo-4205983.jpeg,datasets/raw/sh17/kaggle/labels/pexels-photo-4205983.txt,none,,0,cc7b3bf9527cf8711735613d8495dbda5e491669ae1811e948d53945e953613b,official_train_val_no_explicit_test
sh17,train,no_canonical_annotations,datasets/raw/sh17/kaggle/images/pexels-photo-6098063.jpeg,datasets/raw/sh17/kaggle/labels/pexels-photo-6098063.txt,none,,0,c8e84d51d184596a049dfab6cc34dfd36b2db1230bd6937ad2c6e650113971ef,official_train_val_no_explicit_test
sh17,train,no_canonical_annotations,datasets/raw/sh17/kaggle/images/pexels-photo-5973861.jpeg,datasets/raw/sh17/kaggle/labels/pexels-photo-5973861.txt,none,,0,8874e55f7a0311fda807f278b0c352ab8b78f0515f340de0f5f89b8ac2a571ad,official_train_val_no_explicit_test
sh17,train,no_canonical_annotations,datasets/raw/sh17/kaggle/images/pexels-photo-4350219.jpeg,datasets/raw/sh17/kaggle/labels/pexels-photo-4350219.txt,none,,0,fc268ec588bed4f0e208cba8ae334cea34c1c17d08461e076a36052858be6a7e,official_train_val_no_explicit_test
sh17,train,no_canonical_annotations,datasets/raw/sh17/kaggle/images/pexels-photo-4561615.jpeg,datasets/raw/sh17/kaggle/labels/pexels-photo-4561615.txt,none,,0,f273cfd9eef3055d5ffb4e00f0320d549fa58b5f79d204f7c5e2758dbcfdc79b,official_train_val_no_explicit_test
sh17,train,no_canonical_annotations,datasets/raw/sh17/kaggle/images/pexels-photo-5722164.jpeg,datasets/raw/sh17/kaggle/labels/pexels-photo-5722164.txt,none,,0,615328d222f7ba3e9a72f8bd7ce019491878189daaa6698047760fe56a9a5a07,official_train_val_no_explicit_test
sh17,train,no_canonical_annotations,datasets/raw/sh17/kaggle/images/pexels-photo-4349849.jpeg,datasets/raw/sh17/kaggle/labels/pexels-photo-4349849.txt,none,,0,8cc3f08a04e241952c5df89ff1a222e74072078210fd437ac4c904967d4db506,official_train_val_no_explicit_test
sh17,train,no_canonical_annotations,datasets/raw/sh17/kaggle/images/pexels-photo-6850543.jpeg,datasets/raw/sh17/kaggle/labels/pexels-photo-6850543.txt,none,,0,d274618ed3645ea726900f318da212f233e6ed1d9d7510b784b49e5f9890ce48,official_train_val_no_explicit_test
sh17,train,no_canonical_annotations,datasets/raw/sh17/kaggle/images/pexels-photo-12344924.jpeg,datasets/raw/sh17/kaggle/labels/pexels-photo-12344924.txt,none,,0,da206b41a2bd2177086cd327953c2ca05a3e01640ce36d672c0861d4b8f1746b,official_train_val_no_explicit_test
sh17,train,no_canonical_annotations,datasets/raw/sh17/kaggle/images/pexels-photo-7278888.jpeg,datasets/raw/sh17/kaggle/labels/pexels-photo-7278888.txt,none,,0,fbbb749341324729670dfa1cecb97c98000ba63e950f38242083e78c13516b1d,official_train_val_no_explicit_test
sh17,train,no_canonical_annotations,datasets/raw/sh17/kaggle/images/pexels-photo-4219606.jpeg,datasets/raw/sh17/kaggle/labels/pexels-photo-4219606.txt,none,,0,1cb45421f6f5b462789470f654ed8c2e2b5e25e00b193d2d4144df7ce651b8c7,official_train_val_no_explicit_test
sh17,train,no_canonical_annotations,datasets/raw/sh17/kaggle/images/pexels-photo-5760875.jpeg,datasets/raw/sh17/kaggle/labels/pexels-photo-5760875.txt,none,,0,b2704cc8f339cd98d1a0fbe7ff3f345b39c8714819f153b3ffef3ca911fd4a5a,official_train_val_no_explicit_test
sh17,train,no_canonical_annotations,datasets/raw/sh17/kaggle/images/pexels-photo-6888763.jpeg,datasets/raw/sh17/kaggle/labels/pexels-photo-6888763.txt,none,,0,12211be788b07fe653da17bcf2355cce00cdc25ba4ae29b6138b14a0f3aa799e,official_train_val_no_explicit_test
sh17,train,no_canonical_annotations,datasets/raw/sh17/kaggle/images/pexels-photo-3846554.jpeg,datasets/raw/sh17/kaggle/labels/pexels-photo-3846554.txt,none,,0,93611e5f64967bcb41c6b5d333e29709dbc92b8f1ddf3c90015f84081ff8996c,official_train_val_no_explicit_test
sh17,train,no_canonical_annotations,datasets/raw/sh17/kaggle/images/pexels-photo-7245757.jpeg,datasets/raw/sh17/kaggle/labels/pexels-photo-7245757.txt,none,,0,cd29f4510642a27f316e37a3903c8040221970e88ed195fcb00642226b7f10ce,official_train_val_no_explicit_test
sh17,train,no_canonical_annotations,datasets/raw/sh17/kaggle/images/pexels-photo-4820838.jpeg,datasets/raw/sh17/kaggle/labels/pexels-photo-4820838.txt,none,,0,462566f77d52c1ea37cdc671af95d2820a474c44bd413aeda0a62d2bb07cad7b,official_train_val_no_explicit_test
sh17,train,no_canonical_annotations,datasets/raw/sh17/kaggle/images/pexels-photo-4492073.jpeg,datasets/raw/sh17/kaggle/labels/pexels-photo-4492073.txt,none,,0,660fe0be754951cf44a57408cedb6008613a6a75ac81ec4ff55b0a4fe8dcec23,official_train_val_no_explicit_test
sh17,train,no_canonical_annotations,datasets/raw/sh17/kaggle/images/pexels-photo-7219192.jpeg,datasets/raw/sh17/kaggle/labels/pexels-photo-7219192.txt,none,,0,a26104de06e913dd9846eb8161727bd001a2094c5df98d387c3bb6dc80ca5d65,official_train_val_no_explicit_test
sh17,train,no_canonical_annotations,datasets/raw/sh17/kaggle/images/pexels-photo-6851171.jpeg,datasets/raw/sh17/kaggle/labels/pexels-photo-6851171.txt,none,,0,f2d1476b57fbb956a10680341a9bd3497e79566fb6c1ec8ef3873b43f2c0f09e,official_train_val_no_explicit_test
sh17,train,no_canonical_annotations,datasets/raw/sh17/kaggle/images/pexels-photo-5974053.jpeg,datasets/raw/sh17/kaggle/labels/pexels-photo-5974053.txt,none,,0,2d7352cde4988587c3674ba1875b825019867b8df4e2bec29fffeba126ace593,official_train_val_no_explicit_test
sh17,train,no_canonical_annotations,datasets/raw/sh17/kaggle/images/pexels-photo-6835299.jpeg,datasets/raw/sh17/kaggle/labels/pexels-photo-6835299.txt,none,,0,a50011cbbef86f07017c8d55fa209f1ac6ae1206ac3b668c9186f55a13fc8478,official_train_val_no_explicit_test
sh17,train,no_canonical_annotations,datasets/raw/sh17/kaggle/images/pexels-photo-7888676.jpeg,datasets/raw/sh17/kaggle/labels/pexels-photo-7888676.txt,none,,0,a040cdee05581f9557c086b2f782acc7806a9ce70dc111934a81d0928a66e53c,official_train_val_no_explicit_test
sh17,train,no_canonical_annotations,datasets/raw/sh17/kaggle/images/pexels-photo-5691510.jpeg,datasets/raw/sh17/kaggle/labels/pexels-photo-5691510.txt,none,,0,e5f5a11e15195afc40e0c24b44eaadd7100b1f80e6ef0e472a51254d6d1ac336,official_train_val_no_explicit_test
sh17,train,no_canonical_annotations,datasets/raw/sh17/kaggle/images/pexels-photo-4491845.jpeg,datasets/raw/sh17/kaggle/labels/pexels-photo-4491845.txt,none,,0,13ae9c280285fde39ef638ed110dba2866e6baa0efb131dc3747143feb05067d,official_train_val_no_explicit_test
sh17,train,no_canonical_annotations,datasets/raw/sh17/kaggle/images/pexels-photo-11143304.jpeg,datasets/raw/sh17/kaggle/labels/pexels-photo-11143304.txt,none,,0,cd48d28201896f0c4f52c04997c0559bc0fc615a27cdd29142ec46187e7af4ac,official_train_val_no_explicit_test
sh17,train,no_canonical_annotations,datasets/raw/sh17/kaggle/images/pexels-photo-5974048.jpeg,datasets/raw/sh17/kaggle/labels/pexels-photo-5974048.txt,none,,0,a16ac4175fcb0debaab1d889990ef0502efb04789d82ee0848c43a0b50527344,official_train_val_no_explicit_test
sh17,train,no_canonical_annotations,datasets/raw/sh17/kaggle/images/pexels-photo-4491847.jpeg,datasets/raw/sh17/kaggle/labels/pexels-photo-4491847.txt,none,,0,077570826b5057d08867f074d223be5a9f82cdae9e785479c49913a20978e656,official_train_val_no_explicit_test
sh17,train,no_canonical_annotations,datasets/raw/sh17/kaggle/images/pexels-photo-5862308.jpeg,datasets/raw/sh17/kaggle/labels/pexels-photo-5862308.txt,none,,0,702fa3271e857090380f2d5bc7a772d764de6b5334fec47c0fd038b4763603d5,official_train_val_no_explicit_test
sh17,train,no_canonical_annotations,datasets/raw/sh17/kaggle/images/pexels-photo-6347954.jpeg,datasets/raw/sh17/kaggle/labels/pexels-photo-6347954.txt,none,,0,9180dfc7c26454bfe14bf202ae0c0bc3c879646d423f8d0d217a109b96adc0b8,official_train_val_no_explicit_test
sh17,train,no_canonical_annotations,datasets/raw/sh17/kaggle/images/pexels-photo-5410130.jpeg,datasets/raw/sh17/kaggle/labels/pexels-photo-5410130.txt,none,,0,0399df2b5c31bd11cc6c59a7dd7788fa0a1b201df1a84e4e7e13f10b0afdd4a5,official_train_val_no_explicit_test
sh17,train,no_canonical_annotations,datasets/raw/sh17/kaggle/images/pexels-photo-547117.jpeg,datasets/raw/sh17/kaggle/labels/pexels-photo-547117.txt,none,,0,86e9f46897835e6832acb3120d6f290607f627c2044b59c920c7e6e522572a43,official_train_val_no_explicit_test
sh17,train,no_canonical_annotations,datasets/raw/sh17/kaggle/images/pexels-photo-5691692.jpeg,datasets/raw/sh17/kaggle/labels/pexels-photo-5691692.txt,none,,0,b20782eed7743d201e9ccfaef6bfc71a700ff8aaa17ca98d8874fadc713995f0,official_train_val_no_explicit_test
sh17,train,no_canonical_annotations,datasets/raw/sh17/kaggle/images/pexels-photo-7018173.jpeg,datasets/raw/sh17/kaggle/labels/pexels-photo-7018173.txt,none,,0,68055dcdfcd0cfcca5c6928e917b94ac264b31b7491617d3e2ec8a46fe3b1054,official_train_val_no_explicit_test
sh17,train,no_canonical_annotations,datasets/raw/sh17/kaggle/images/pexels-photo-17710255.jpeg,datasets/raw/sh17/kaggle/labels/pexels-photo-17710255.txt,none,,0,43bd79b1c70676274fd776c1b2d7304350bba871dbb63e47e234cad546e4851a,official_train_val_no_explicit_test
sh17,train,no_canonical_annotations,datasets/raw/sh17/kaggle/images/pexels-photo-4792495.jpeg,datasets/raw/sh17/kaggle/labels/pexels-photo-4792495.txt,none,,0,f8fdf2c30578122ad49b1f8c3de4a48dd466dcacbe74212bf7f7263fc3b99690,official_train_val_no_explicit_test
sh17,train,no_canonical_annotations,datasets/raw/sh17/kaggle/images/pexels-photo-4621659.jpeg,datasets/raw/sh17/kaggle/labels/pexels-photo-4621659.txt,none,,0,be2aff3fb643b20455d7be8ce4ee74e9cc19fcc6b756a89475100c5469e1d83b,official_train_val_no_explicit_test
sh17,train,no_canonical_annotations,datasets/raw/sh17/kaggle/images/pexels-photo-4386470.jpeg,datasets/raw/sh17/kaggle/labels/pexels-photo-4386470.txt,none,,0,f8337d3d1811efa138b7a4f25dd5d7568f8981bc8c475016f8e4338ba06aeb05,official_train_val_no_explicit_test
sh17,train,no_canonical_annotations,datasets/raw/sh17/kaggle/images/pexels-photo-5409737.jpeg,datasets/raw/sh17/kaggle/labels/pexels-photo-5409737.txt,none,,0,769be566b9b3be37ab674f19471948aef3545b2eac546c39b28cecef301341e5,official_train_val_no_explicit_test
sh17,train,no_canonical_annotations,datasets/raw/sh17/kaggle/images/pexels-photo-7140425.jpeg,datasets/raw/sh17/kaggle/labels/pexels-photo-7140425.txt,none,,0,dead780492c39f053e9ade81401213e581fd361f153324cd21877745730a246d,official_train_val_no_explicit_test
sh17,train,no_canonical_annotations,datasets/raw/sh17/kaggle/images/pexels-photo-5231241.jpeg,datasets/raw/sh17/kaggle/labels/pexels-photo-5231241.txt,none,,0,468813e649b3470f34eec60e456d6b69934f0eae27756147924a898b3b001289,official_train_val_no_explicit_test
sh17,train,no_canonical_annotations,datasets/raw/sh17/kaggle/images/pexels-photo-6651394.jpeg,datasets/raw/sh17/kaggle/labels/pexels-photo-6651394.txt,none,,0,578a2381f85b8beb7d275e74bb4cf8b4e74dde6e5e5fb5298aebbba1ede10e0d,official_train_val_no_explicit_test
sh17,train,no_canonical_annotations,datasets/raw/sh17/kaggle/images/pexels-photo-6850495.jpeg,datasets/raw/sh17/kaggle/labels/pexels-photo-6850495.txt,none,,0,f48e45bf4f57c290fc81b5884c84120fdd6c425230d29e087e749a996aefcf67,official_train_val_no_explicit_test
sh17,train,no_canonical_annotations,datasets/raw/sh17/kaggle/images/pexels-photo-8447854.jpeg,datasets/raw/sh17/kaggle/labels/pexels-photo-8447854.txt,none,,0,d0b19804cfe471c89f20ec1915ae412cda94d43b2ee9964dc679fa6298133a4a,official_train_val_no_explicit_test
sh17,train,no_canonical_annotations,datasets/raw/sh17/kaggle/images/pexels-photo-5302906.jpeg,datasets/raw/sh17/kaggle/labels/pexels-photo-5302906.txt,none,,0,f9c4aa7b6ceaba1102aed988e770423651149dad00aa76dd4c68aa83a11e5b9a,official_train_val_no_explicit_test
sh17,train,no_canonical_annotations,datasets/raw/sh17/kaggle/images/pexels-photo-4386328.jpeg,datasets/raw/sh17/kaggle/labels/pexels-photo-4386328.txt,none,,0,07ab93fe96604c29fc955933a25cf970b099679546315ca4ba2ef0f3d560e62a,official_train_val_no_explicit_test
sh17,train,no_canonical_annotations,datasets/raw/sh17/kaggle/images/pexels-photo-4981796.jpeg,datasets/raw/sh17/kaggle/labels/pexels-photo-4981796.txt,none,,0,f4833b23063c205852d0f4f66ae8a517f934e7d3076d62d577e8f9d0183c136b,official_train_val_no_explicit_test
sh17,train,no_canonical_annotations,datasets/raw/sh17/kaggle/images/pexels-photo-15546796.jpeg,datasets/raw/sh17/kaggle/labels/pexels-photo-15546796.txt,none,,0,5e736fd7cbb7b097ac247b2bbc64c1fcbc04540ee650326ff25e2e0501a074ac,official_train_val_no_explicit_test
sh17,train,no_canonical_annotations,datasets/raw/sh17/kaggle/images/pexels-photo-6850731.jpeg,datasets/raw/sh17/kaggle/labels/pexels-photo-6850731.txt,none,,0,daf2525a369d3fb22bf5bdb22ae8a2a955145f7d4c16e2a63e732f4c8acfa469,official_train_val_no_explicit_test
sh17,train,no_canonical_annotations,datasets/raw/sh17/kaggle/images/pexels-photo-4140917.jpeg,datasets/raw/sh17/kaggle/labels/pexels-photo-4140917.txt,none,,0,fb5b3684ee6b4df4dda55146ece553d63cfe00ee527104eb1b649c5850b04949,official_train_val_no_explicit_test
sh17,train,no_canonical_annotations,datasets/raw/sh17/kaggle/images/pexels-photo-5532835.jpeg,datasets/raw/sh17/kaggle/labels/pexels-photo-5532835.txt,none,,0,2f32310ff615c2d1b96f0540c47b580e2032ffc4787bf2258f904ea2a3ce37d8,official_train_val_no_explicit_test
sh17,train,no_canonical_annotations,datasets/raw/sh17/kaggle/images/pexels-photo-13736134.jpeg,datasets/raw/sh17/kaggle/labels/pexels-photo-13736134.txt,none,,0,711959dea863511d88a916e338ed0a69c4e8c3eb88eb99cba27b358c945b653a,official_train_val_no_explicit_test
sh17,train,no_canonical_annotations,datasets/raw/sh17/kaggle/images/pexels-photo-6913168.jpeg,datasets/raw/sh17/kaggle/labels/pexels-photo-6913168.txt,none,,0,e57ba0aafd6430948736b12b287bca645249cdc3bcc3d88b6ee28154e75c9569,official_train_val_no_explicit_test
sh17,train,no_canonical_annotations,datasets/raw/sh17/kaggle/images/pexels-photo-2628105.jpeg,datasets/raw/sh17/kaggle/labels/pexels-photo-2628105.txt,none,,0,4eba4faa344b90013879caa44aa9b9dfa87e85ff68c29e3470a0323813fe5b06,official_train_val_no_explicit_test
sh17,train,no_canonical_annotations,datasets/raw/sh17/kaggle/images/pexels-photo-4492047.jpeg,datasets/raw/sh17/kaggle/labels/pexels-photo-4492047.txt,none,,0,9369f9addffe66ef2e93698fcec10fd71744a28fa9d70a5a97b92cf06f44e49e,official_train_val_no_explicit_test
sh17,train,no_canonical_annotations,datasets/raw/sh17/kaggle/images/pexels-photo-5325103.jpeg,datasets/raw/sh17/kaggle/labels/pexels-photo-5325103.txt,none,,0,a1809a420a3df781aae39f3fd51fa468e90ed2bdee6982404a759081fc27c6c9,official_train_val_no_explicit_test
sh17,train,no_canonical_annotations,datasets/raw/sh17/kaggle/images/pexels-photo-7246556.jpeg,datasets/raw/sh17/kaggle/labels/pexels-photo-7246556.txt,none,,0,af729fdc416d4b4912cc2acbbf99ed8ea9d8ae0953d46d37be2e0f31ba426eb8,official_train_val_no_explicit_test
sh17,train,no_canonical_annotations,datasets/raw/sh17/kaggle/images/pexels-photo-6474347.jpeg,datasets/raw/sh17/kaggle/labels/pexels-photo-6474347.txt,none,,0,c4d1c60e18f467dfad48d89f6894b629d8a9a6d50a1b32a53bb3c94d8322fd37,official_train_val_no_explicit_test
sh17,train,no_canonical_annotations,datasets/raw/sh17/kaggle/images/pexels-photo-7480236.jpeg,datasets/raw/sh17/kaggle/labels/pexels-photo-7480236.txt,none,,0,41b9c1eb353df1e042a05a8e59f9ffeb4cd15d53d90ec482191d9a6401647ad3,official_train_val_no_explicit_test
sh17,train,no_canonical_annotations,datasets/raw/sh17/kaggle/images/pexels-photo-7674902.jpeg,datasets/raw/sh17/kaggle/labels/pexels-photo-7674902.txt,none,,0,dd699c5eaaae22da4ce65f14b7ee218cfaf7b3d37d7763a627d6b8fc75a6fe66,official_train_val_no_explicit_test
sh17,train,no_canonical_annotations,datasets/raw/sh17/kaggle/images/pexels-photo-4090602.jpeg,datasets/raw/sh17/kaggle/labels/pexels-photo-4090602.txt,none,,0,e4d1aef87f42cba1356c36da715587188293f99de7f13d7455b98a64de94df24,official_train_val_no_explicit_test
sh17,train,no_canonical_annotations,datasets/raw/sh17/kaggle/images/pexels-photo-4637735.jpeg,datasets/raw/sh17/kaggle/labels/pexels-photo-4637735.txt,none,,0,8a02d420c9ec64d9bc443cc93714d6440de656ea9952a5fa05a21b35588e0fbe,official_train_val_no_explicit_test
sh17,train,no_canonical_annotations,datasets/raw/sh17/kaggle/images/pexels-photo-5974031.jpeg,datasets/raw/sh17/kaggle/labels/pexels-photo-5974031.txt,none,,0,8b57107a825cb192550479bd7a48635a0ebf4086b35db09eac1bf1eed00d22b4,official_train_val_no_explicit_test
sh17,train,no_canonical_annotations,datasets/raw/sh17/kaggle/images/pexels-photo-7141193.jpeg,datasets/raw/sh17/kaggle/labels/pexels-photo-7141193.txt,none,,0,21376893ecb809829d22c3b1614ee4d7e82da52fcf4474777ff0a0261fa75aa9,official_train_val_no_explicit_test
sh17,train,no_canonical_annotations,datasets/raw/sh17/kaggle/images/pexels-photo-5862313.jpeg,datasets/raw/sh17/kaggle/labels/pexels-photo-5862313.txt,none,,0,80c68f9029da29d5cec4f97be85513d3adf36697574cad58bf6e3aeb73ed6541,official_train_val_no_explicit_test
sh17,train,no_canonical_annotations,datasets/raw/sh17/kaggle/images/pexels-photo-4792743.jpeg,datasets/raw/sh17/kaggle/labels/pexels-photo-4792743.txt,none,,0,8ae5d3803d8f38c26f36908f7cd1aae5554084608fce0f2faa800eacb23c265b,official_train_val_no_explicit_test
sh17,train,no_canonical_annotations,datasets/raw/sh17/kaggle/images/pexels-photo-5715884.jpeg,datasets/raw/sh17/kaggle/labels/pexels-photo-5715884.txt,none,,0,d409a0aa20bb0106d666be699f37e896760bb4db2fc142d67c15eba498b74cfc,official_train_val_no_explicit_test
sh17,train,no_canonical_annotations,datasets/raw/sh17/kaggle/images/pexels-photo-5878522.jpeg,datasets/raw/sh17/kaggle/labels/pexels-photo-5878522.txt,none,,0,9a9f988b3938b0b5bd7bb0ad123bb660cdda177dcb37a3734896b34cfcf74a7c,official_train_val_no_explicit_test
sh17,train,no_canonical_annotations,datasets/raw/sh17/kaggle/images/pexels-photo-924676.jpeg,datasets/raw/sh17/kaggle/labels/pexels-photo-924676.txt,none,,0,83717ce62f2dd8cd9b065100d30fd0e4a2940991fec221107bc11bcdc1a8a550,official_train_val_no_explicit_test
sh17,train,no_canonical_annotations,datasets/raw/sh17/kaggle/images/pexels-photo-7034396.jpeg,datasets/raw/sh17/kaggle/labels/pexels-photo-7034396.txt,none,,0,3c56a6d2c2e63a224311e0f22d32433bbe96561ed207f2db01a21eecacba7f84,official_train_val_no_explicit_test
sh17,train,no_canonical_annotations,datasets/raw/sh17/kaggle/images/pexels-photo-6835308.jpeg,datasets/raw/sh17/kaggle/labels/pexels-photo-6835308.txt,none,,0,1626c13067a641d4c0ede3897c9b0597c48fb7541ccea7d7dae9aff27c2a0cbc,official_train_val_no_explicit_test
sh17,train,no_canonical_annotations,datasets/raw/sh17/kaggle/images/pexels-photo-4492051.jpeg,datasets/raw/sh17/kaggle/labels/pexels-photo-4492051.txt,none,,0,0b9a3eac4d32bb6e914b79de8bf26d16193fba89c4aa710c958c03bbdd1369a1,official_train_val_no_explicit_test
sh17,train,no_canonical_annotations,datasets/raw/sh17/kaggle/images/pexels-photo-4219137.jpeg,datasets/raw/sh17/kaggle/labels/pexels-photo-4219137.txt,none,,0,1a5ce7d1558868d701b353368dce682c10e021f0f151461f642d4307e082ae83,official_train_val_no_explicit_test
sh17,train,no_canonical_annotations,datasets/raw/sh17/kaggle/images/pexels-photo-5862310.jpeg,datasets/raw/sh17/kaggle/labels/pexels-photo-5862310.txt,none,,0,0abedcaf178c21383cccc501b31a823f29ba8d0007b76c71c64b7d51b9015042,official_train_val_no_explicit_test
sh17,train,no_canonical_annotations,datasets/raw/sh17/kaggle/images/pexels-photo-5953784.jpeg,datasets/raw/sh17/kaggle/labels/pexels-photo-5953784.txt,none,,0,fd71704edacccad3d3f03bdf70b385fbe2c7e22f64ce2fe27ffa87f37aa005a2,official_train_val_no_explicit_test
sh17,train,no_canonical_annotations,datasets/raw/sh17/kaggle/images/pexels-photo-5973892.jpeg,datasets/raw/sh17/kaggle/labels/pexels-photo-5973892.txt,none,,0,846389f2103bf693de72cf9f393307cd178b720a98962a47e661412fdfc7e10d,official_train_val_no_explicit_test
sh17,train,no_canonical_annotations,datasets/raw/sh17/kaggle/images/pexels-photo-7482631.jpeg,datasets/raw/sh17/kaggle/labels/pexels-photo-7482631.txt,none,,0,0eec2330a34df8431f9c6ab8b774f429da86ee01d01b228edbec078e897c2aaf,official_train_val_no_explicit_test
sh17,train,no_canonical_annotations,datasets/raw/sh17/kaggle/images/pexels-photo-7925821.jpeg,datasets/raw/sh17/kaggle/labels/pexels-photo-7925821.txt,none,,0,2f6a50c835334ecd77c78c373296baf99725bad96e37ff4528a8f9483ccf8781,official_train_val_no_explicit_test
sh17,train,no_canonical_annotations,datasets/raw/sh17/kaggle/images/pexels-photo-7172702.jpeg,datasets/raw/sh17/kaggle/labels/pexels-photo-7172702.txt,none,,0,0ec39531673e729291f17fd55c396217cb30547199b7bafe272ac63ec6596ef0,official_train_val_no_explicit_test
sh17,train,no_canonical_annotations,datasets/raw/sh17/kaggle/images/pexels-photo-5878523.jpeg,datasets/raw/sh17/kaggle/labels/pexels-photo-5878523.txt,none,,0,c5576ee5ed3ba95e24e27c266a1a358a871e61683d396c9c1efcc1310bac7590,official_train_val_no_explicit_test
sh17,train,no_canonical_annotations,datasets/raw/sh17/kaggle/images/pexels-photo-1319458.jpeg,datasets/raw/sh17/kaggle/labels/pexels-photo-1319458.txt,none,,0,bd0fe9353d079ec2a4f9d8a2644e50f1840aa877975bbe9a2dfad3a7094eb3fd,official_train_val_no_explicit_test
sh17,train,no_canonical_annotations,datasets/raw/sh17/kaggle/images/pexels-photo-2317384.jpeg,datasets/raw/sh17/kaggle/labels/pexels-photo-2317384.txt,none,,0,2622616d187b456ae49a80c0ff9e94c84c5a962189deef9652642e4410879d08,official_train_val_no_explicit_test
sh17,train,no_canonical_annotations,datasets/raw/sh17/kaggle/images/pexels-photo-982660.jpeg,datasets/raw/sh17/kaggle/labels/pexels-photo-982660.txt,none,,0,ac820ac31c2939a206c9b70773bc3cf0284a90d472c592da58274913ec73bc9b,official_train_val_no_explicit_test
sh17,train,no_canonical_annotations,datasets/raw/sh17/kaggle/images/pexels-photo-7172703.jpeg,datasets/raw/sh17/kaggle/labels/pexels-photo-7172703.txt,none,,0,916a49be8513721d8439029da851de4683ce7375cef20e6131d5953f68e86e5f,official_train_val_no_explicit_test
sh17,train,no_canonical_annotations,datasets/raw/sh17/kaggle/images/pexels-photo-2249290.jpeg,datasets/raw/sh17/kaggle/labels/pexels-photo-2249290.txt,none,,0,3986e57ee555e3bcfcb6cd414adab869c000fc29f65ad9500df74ced12d73d87,official_train_val_no_explicit_test
sh17,train,no_canonical_annotations,datasets/raw/sh17/kaggle/images/pexels-photo-6850494.jpeg,datasets/raw/sh17/kaggle/labels/pexels-photo-6850494.txt,none,,0,6f27f18de5cee49d17f4e123c3f63d8968ef3de3c12e1dde0a53108292a7d050,official_train_val_no_explicit_test
sh17,train,no_canonical_annotations,datasets/raw/sh17/kaggle/images/pexels-photo-5894261.jpeg,datasets/raw/sh17/kaggle/labels/pexels-photo-5894261.txt,none,,0,7e139e9711931dfe4e48953f0188d641e28052df97051982e9e8bed7aa53420d,official_train_val_no_explicit_test
sh17,train,no_canonical_annotations,datasets/raw/sh17/kaggle/images/pexels-photo-5691502.jpeg,datasets/raw/sh17/kaggle/labels/pexels-photo-5691502.txt,none,,0,55db05376bc3b236889d5d784677fc521415992d236fc35b0d86f05afeddfe7c,official_train_val_no_explicit_test
sh17,train,no_canonical_annotations,datasets/raw/sh17/kaggle/images/pexels-photo-7140308.jpeg,datasets/raw/sh17/kaggle/labels/pexels-photo-7140308.txt,none,,0,b7d04791e816887a7565953938c2499326aeb051b1a7ab58eacdde761e9caef8,official_train_val_no_explicit_test
sh17,train,no_canonical_annotations,datasets/raw/sh17/kaggle/images/pexels-photo-7147622.jpeg,datasets/raw/sh17/kaggle/labels/pexels-photo-7147622.txt,none,,0,a505392f7a187da7dc6e0d420eb41abf0d8664fa3213619945acf633e142c1b8,official_train_val_no_explicit_test
sh17,train,no_canonical_annotations,datasets/raw/sh17/kaggle/images/pexels-photo-4621657.jpeg,datasets/raw/sh17/kaggle/labels/pexels-photo-4621657.txt,none,,0,96bd305fa00b4c47ff785fba1bb3ba9a517783081ba8b5f77f3e323ecd9e29a9,official_train_val_no_explicit_test
sh17,train,no_canonical_annotations,datasets/raw/sh17/kaggle/images/pexels-photo-6457599.jpeg,datasets/raw/sh17/kaggle/labels/pexels-photo-6457599.txt,none,,0,cbb42628cb5cb7d029db94ecd33bb0b9d669b54e4017d29d4299b156f778d7a4,official_train_val_no_explicit_test
sh17,train,no_canonical_annotations,datasets/raw/sh17/kaggle/images/pexels-photo-4219652.jpeg,datasets/raw/sh17/kaggle/labels/pexels-photo-4219652.txt,none,,0,5ed6494c66bb3f92474c113e607f0fa99c76de50e8ebbb24f719132c87e46586,official_train_val_no_explicit_test
sh17,train,no_canonical_annotations,datasets/raw/sh17/kaggle/images/pexels-photo-4226258.jpeg,datasets/raw/sh17/kaggle/labels/pexels-photo-4226258.txt,none,,0,63860de061ce1a75a4c3a1c2361e7c598fbf943905ac8d6fdc345e654cb2344b,official_train_val_no_explicit_test
sh17,train,no_canonical_annotations,datasets/raw/sh17/kaggle/images/pexels-photo-6018652.jpeg,datasets/raw/sh17/kaggle/labels/pexels-photo-6018652.txt,none,,0,0d3b3fc5a5be6760413553a2dbffae9260c36fd41cba765a00c257a24bf7cd59,official_train_val_no_explicit_test
sh17,train,no_canonical_annotations,datasets/raw/sh17/kaggle/images/pexels-photo-5715894.jpeg,datasets/raw/sh17/kaggle/labels/pexels-photo-5715894.txt,none,,0,a9c0fb55ba3db43ec519a40118a325c938a72815c7bf2b48393b52934fece623,official_train_val_no_explicit_test
sh17,train,no_canonical_annotations,datasets/raw/sh17/kaggle/images/pexels-photo-7245755.jpeg,datasets/raw/sh17/kaggle/labels/pexels-photo-7245755.txt,none,,0,c1e90e6f5e11095ad72112eab8abad5d470cc20c9da7cb935b8c64fa45db1762,official_train_val_no_explicit_test
sh17,train,no_canonical_annotations,datasets/raw/sh17/kaggle/images/pexels-photo-4140922.jpeg,datasets/raw/sh17/kaggle/labels/pexels-photo-4140922.txt,none,,0,b351607e99d1fbe1487f0b5f99fc11b29ff8c8dde4862ac1bcd86f4478f00990,official_train_val_no_explicit_test
sh17,train,no_canonical_annotations,datasets/raw/sh17/kaggle/images/pexels-photo-7925794.jpeg,datasets/raw/sh17/kaggle/labels/pexels-photo-7925794.txt,none,,0,cad426fd31b1e5120aaa2699b62c0686e2ce6e0efe5b7af83972052870e1f0db,official_train_val_no_explicit_test
sh17,train,no_canonical_annotations,datasets/raw/sh17/kaggle/images/pexels-photo-5231239.jpeg,datasets/raw/sh17/kaggle/labels/pexels-photo-5231239.txt,none,,0,35d0a1d445b6c0e6d54e1cc83ef33976ed702bcd44e5a3e97e7520a620f073e0,official_train_val_no_explicit_test
sh17,train,no_canonical_annotations,datasets/raw/sh17/kaggle/images/pexels-photo-5863362.jpeg,datasets/raw/sh17/kaggle/labels/pexels-photo-5863362.txt,none,,0,6b018c532a0d2deb5cb3c3a157962c5e6ad62a7735e9413f013a949b28a6f04c,official_train_val_no_explicit_test
sh17,train,no_canonical_annotations,datasets/raw/sh17/kaggle/images/pexels-photo-7482634.jpeg,datasets/raw/sh17/kaggle/labels/pexels-photo-7482634.txt,none,,0,785c43b39e618f5bba06942d5c402e1028704af4a9e8bd573efabed480b8b62c,official_train_val_no_explicit_test
sh17,train,no_canonical_annotations,datasets/raw/sh17/kaggle/images/pexels-photo-259265.jpeg,datasets/raw/sh17/kaggle/labels/pexels-photo-259265.txt,none,,0,6ecf596f349ca2dc368ebc0ca3d39eac13c003118423a7d47a099f17a5067487,official_train_val_no_explicit_test
sh17,train,no_canonical_annotations,datasets/raw/sh17/kaggle/images/pexels-photo-10316634.jpeg,datasets/raw/sh17/kaggle/labels/pexels-photo-10316634.txt,none,,0,2908a3fd7587a4bc824518071cd623e323844f6a94b6e48e4639e6358696537e,official_train_val_no_explicit_test
sh17,train,no_canonical_annotations,datasets/raw/sh17/kaggle/images/pexels-photo-14050318.jpeg,datasets/raw/sh17/kaggle/labels/pexels-photo-14050318.txt,none,,0,fa10633cca3c52d4c87636202c3f87081b32c17ddf7e047b174a8b1d97d09dd0,official_train_val_no_explicit_test
sh17,train,no_canonical_annotations,datasets/raw/sh17/kaggle/images/pexels-photo-5974366.jpeg,datasets/raw/sh17/kaggle/labels/pexels-photo-5974366.txt,none,,0,a67df55ff8860ba46212156fd8f103c0375b4456a0c349141d9b5058698431e6,official_train_val_no_explicit_test
sh17,train,no_canonical_annotations,datasets/raw/sh17/kaggle/images/pexels-photo-6205625.jpeg,datasets/raw/sh17/kaggle/labels/pexels-photo-6205625.txt,none,,0,e686b0ae397ff2fdff5b24c04200c5634420f4579aed0573a6040df9ab48d378,official_train_val_no_explicit_test
sh17,train,no_canonical_annotations,datasets/raw/sh17/kaggle/images/pexels-photo-6611478.jpeg,datasets/raw/sh17/kaggle/labels/pexels-photo-6611478.txt,none,,0,45c7abed86c83b010fbc794ac37703ed1d397d066994548f469c66eb2dbd9ff7,official_train_val_no_explicit_test
sh17,train,no_canonical_annotations,datasets/raw/sh17/kaggle/images/pexels-photo-14118227.jpeg,datasets/raw/sh17/kaggle/labels/pexels-photo-14118227.txt,none,,0,bdbb54ec39622848dde87348fd1fef5bcc1a13cb6c1be38ccf7836c2b9e386c0,official_train_val_no_explicit_test
sh17,train,no_canonical_annotations,datasets/raw/sh17/kaggle/images/pexels-photo-5691669.jpeg,datasets/raw/sh17/kaggle/labels/pexels-photo-5691669.txt,none,,0,45136d8b77592d784c0bb655e62fa5c821917d39c79300a515eb0fb381c5515c,official_train_val_no_explicit_test
sh17,train,no_canonical_annotations,datasets/raw/sh17/kaggle/images/pexels-photo-8830483.jpeg,datasets/raw/sh17/kaggle/labels/pexels-photo-8830483.txt,none,,0,48422aeac7135a3d337f1680a18a46c22cc1c59e75daedf5f87ddbe4e7ecf161,official_train_val_no_explicit_test
sh17,train,no_canonical_annotations,datasets/raw/sh17/kaggle/images/pexels-photo-5726790.jpeg,datasets/raw/sh17/kaggle/labels/pexels-photo-5726790.txt,none,,0,629bc513c4d73dafc3cae9cd98f5ab38f241377af984cb6e6cdf37fe0f878c14,official_train_val_no_explicit_test
sh17,train,no_canonical_annotations,datasets/raw/sh17/kaggle/images/pexels-photo-7728402.jpeg,datasets/raw/sh17/kaggle/labels/pexels-photo-7728402.txt,none,,0,8ad2931870ac2f5866c8383168d794141563a23e2fd08a2c1f9b6735925eb929,official_train_val_no_explicit_test
sh17,train,no_canonical_annotations,datasets/raw/sh17/kaggle/images/pexels-photo-7241619.jpeg,datasets/raw/sh17/kaggle/labels/pexels-photo-7241619.txt,none,,0,324f64d7870dbd32ef3c8484c3052810d5f634ce0bfd1b9e67ceabc550657549,official_train_val_no_explicit_test
sh17,train,no_canonical_annotations,datasets/raw/sh17/kaggle/images/pexels-photo-10474856.jpeg,datasets/raw/sh17/kaggle/labels/pexels-photo-10474856.txt,none,,0,7b23457d5f6710f2a2708f0285c7e9769e4f9169b845f25e047831825c28b455,official_train_val_no_explicit_test
sh17,train,no_canonical_annotations,datasets/raw/sh17/kaggle/images/pexels-photo-9068376.jpeg,datasets/raw/sh17/kaggle/labels/pexels-photo-9068376.txt,none,,0,580c0e4f22ed5526b32ce6d5e27530fa155c45b4e7e1d37efa165496792a545d,official_train_val_no_explicit_test
sh17,train,no_canonical_annotations,datasets/raw/sh17/kaggle/images/pexels-photo-7241359.jpeg,datasets/raw/sh17/kaggle/labels/pexels-photo-7241359.txt,none,,0,c361f1b6fe2061ef723b538791d4ed2a52418846c04007f4d079e6ba8c63d487,official_train_val_no_explicit_test
sh17,train,no_canonical_annotations,datasets/raw/sh17/kaggle/images/pexels-photo-4205988.jpeg,datasets/raw/sh17/kaggle/labels/pexels-photo-4205988.txt,none,,0,c4c42ef45c2978dcbff0514011d6fab42b0d124c5584593d55a2449927af50fc,official_train_val_no_explicit_test
sh17,train,no_canonical_annotations,datasets/raw/sh17/kaggle/images/pexels-photo-6347949.jpeg,datasets/raw/sh17/kaggle/labels/pexels-photo-6347949.txt,none,,0,ec989ae74b4be2c339b929861c30a59746300a6661569b88bca58eb1c84d983a,official_train_val_no_explicit_test
sh17,train,no_canonical_annotations,datasets/raw/sh17/kaggle/images/pexels-photo-6661910.jpeg,datasets/raw/sh17/kaggle/labels/pexels-photo-6661910.txt,none,,0,dbe1bb33f0c55572c8408fa9070eca759482fb7db665ee05e1f7edcc43fa41c1,official_train_val_no_explicit_test
sh17,train,no_canonical_annotations,datasets/raw/sh17/kaggle/images/pexels-photo-5878507.jpeg,datasets/raw/sh17/kaggle/labels/pexels-photo-5878507.txt,none,,0,1b3cea6a1206bd51dece25675582b664ec9648f5b362003eed88ceaa6e8909f8,official_train_val_no_explicit_test
sh17,train,no_canonical_annotations,datasets/raw/sh17/kaggle/images/pexels-photo-4491883.jpeg,datasets/raw/sh17/kaggle/labels/pexels-photo-4491883.txt,none,,0,0bbc34dedede42c6b366870bbf3147c99a81698d7be0fcd3e25870a57550ca0a,official_train_val_no_explicit_test
sh17,train,no_canonical_annotations,datasets/raw/sh17/kaggle/images/pexels-photo-6598663.jpeg,datasets/raw/sh17/kaggle/labels/pexels-photo-6598663.txt,none,,0,afb2d24084bee0c4190021c96f1b092a639a06e9e84ec7e3154fff0d0b96e58e,official_train_val_no_explicit_test
sh17,train,no_canonical_annotations,datasets/raw/sh17/kaggle/images/pexels-photo-5974034.jpeg,datasets/raw/sh17/kaggle/labels/pexels-photo-5974034.txt,none,,0,e7ae2b7c77ccd684a0e6fff67bebbbde55a8cde13b57126c3b773b8d0b1ad3a8,official_train_val_no_explicit_test
sh17,train,no_canonical_annotations,datasets/raw/sh17/kaggle/images/pexels-photo-5974389.jpeg,datasets/raw/sh17/kaggle/labels/pexels-photo-5974389.txt,none,,0,401e99b704845d568b166e551a74021b05826e8aa2260af38e7c04bcf992b367,official_train_val_no_explicit_test
sh17,train,no_canonical_annotations,datasets/raw/sh17/kaggle/images/pexels-photo-6696863.jpeg,datasets/raw/sh17/kaggle/labels/pexels-photo-6696863.txt,none,,0,0c3ce5e9484660de0df68194ae049b017762454896634b1acea766aa5e84c57f,official_train_val_no_explicit_test
sh17,train,no_canonical_annotations,datasets/raw/sh17/kaggle/images/pexels-photo-7141183.jpeg,datasets/raw/sh17/kaggle/labels/pexels-photo-7141183.txt,none,,0,6fb9d806e003f8885c625d3c7181418aa8caf1d051259e87ea8637e8ed973c24,official_train_val_no_explicit_test
sh17,train,no_canonical_annotations,datasets/raw/sh17/kaggle/images/pexels-photo-907518.jpeg,datasets/raw/sh17/kaggle/labels/pexels-photo-907518.txt,none,,0,512c1cd5f4ec53d044094cd9eecac5f6e383f0cb70037b36dd8b3fceffeef953,official_train_val_no_explicit_test
sh17,train,no_canonical_annotations,datasets/raw/sh17/kaggle/images/pexels-photo-5711899.jpeg,datasets/raw/sh17/kaggle/labels/pexels-photo-5711899.txt,none,,0,e5aa7e437fa30e3f9a96bb4cb2121633c46094e6577add6cb0a0404748fa218e,official_train_val_no_explicit_test
sh17,train,no_canonical_annotations,datasets/raw/sh17/kaggle/images/pexels-photo-4353571.jpeg,datasets/raw/sh17/kaggle/labels/pexels-photo-4353571.txt,none,,0,3108d91242a9b9833c2fd1ce1020033a941b5b541a99c19b9692d1f36eb27db9,official_train_val_no_explicit_test
sh17,train,no_canonical_annotations,datasets/raw/sh17/kaggle/images/pexels-photo-5974245.jpeg,datasets/raw/sh17/kaggle/labels/pexels-photo-5974245.txt,none,,0,1f83fd7bdcf52e0c9ed2c99b0110e99670bd7afab4373bc45681305d17196389,official_train_val_no_explicit_test
sh17,train,no_canonical_annotations,datasets/raw/sh17/kaggle/images/pexels-photo-7147480.jpeg,datasets/raw/sh17/kaggle/labels/pexels-photo-7147480.txt,none,,0,664245f09fb975cd4c0c25cb83b7c9d8c95b45dd1ba84f3724e3bb2eb8909045,official_train_val_no_explicit_test
sh17,train,no_canonical_annotations,datasets/raw/sh17/kaggle/images/pexels-photo-5218004.jpeg,datasets/raw/sh17/kaggle/labels/pexels-photo-5218004.txt,none,,0,0932920b6823c5a0436e598494f4c3507d4f4dc2aafe1f7885f8aa406ec93490,official_train_val_no_explicit_test
sh17,train,no_canonical_annotations,datasets/raw/sh17/kaggle/images/pexels-photo-5711900.jpeg,datasets/raw/sh17/kaggle/labels/pexels-photo-5711900.txt,none,,0,0861bc01aabdb280130c393d067fb6a8c105e6d85dc7153d6746c877acb32837,official_train_val_no_explicit_test
sh17,train,no_canonical_annotations,datasets/raw/sh17/kaggle/images/pexels-photo-237996.jpeg,datasets/raw/sh17/kaggle/labels/pexels-photo-237996.txt,none,,0,1c61a1bcb77a056afaf29e5fee4797d9977b02f92185e4c1e780373582c74a05,official_train_val_no_explicit_test
sh17,train,no_canonical_annotations,datasets/raw/sh17/kaggle/images/pexels-photo-4706134.jpeg,datasets/raw/sh17/kaggle/labels/pexels-photo-4706134.txt,none,,0,ea061c3e7280d16141f6ba0cce1a58488ffb9ba225b8915cf8b159498153c51f,official_train_val_no_explicit_test
sh17,train,no_canonical_annotations,datasets/raw/sh17/kaggle/images/pexels-photo-3752084.jpeg,datasets/raw/sh17/kaggle/labels/pexels-photo-3752084.txt,none,,0,241cbc249d917c18ec8d8479c568ab8f4341aedf8699f3df58268f87f84e0eec,official_train_val_no_explicit_test
sh17,train,no_canonical_annotations,datasets/raw/sh17/kaggle/images/pexels-photo-5863366.jpeg,datasets/raw/sh17/kaggle/labels/pexels-photo-5863366.txt,none,,0,b46b1936a433337ced1fdf0e6211cb93c0c84cf6bc3c566aa6870d4f4d641664,official_train_val_no_explicit_test
sh17,train,no_canonical_annotations,datasets/raw/sh17/kaggle/images/pexels-photo-15056621.jpeg,datasets/raw/sh17/kaggle/labels/pexels-photo-15056621.txt,none,,0,47464a32c2621af478e95170232de1c8ed3e3895c971add308558bdb18bf91a0,official_train_val_no_explicit_test
sh17,val,no_canonical_annotations,datasets/raw/sh17/kaggle/images/building-construction-building-site-constructing.jpg,datasets/raw/sh17/kaggle/labels/building-construction-building-site-constructing.txt,none,,0,3b8f662aae2f3b9456ec4ee58f639ac32b65ba4d34aed8213f2eb77f6545758e,official_train_val_no_explicit_test
sh17,val,no_canonical_annotations,datasets/raw/sh17/kaggle/images/pexels-photo-3844516.jpeg,datasets/raw/sh17/kaggle/labels/pexels-photo-3844516.txt,none,,0,380b66d9b8581332c094ab1ef036127bd91efa58ac53664eca705a9c0cdbaf75,official_train_val_no_explicit_test
sh17,val,no_canonical_annotations,datasets/raw/sh17/kaggle/images/pexels-photo-4491875.jpeg,datasets/raw/sh17/kaggle/labels/pexels-photo-4491875.txt,none,,0,b184edbb43b1dbde1dde8a70a334b54c2a6978e4a06c1e0ae2865f590509ee93,official_train_val_no_explicit_test
sh17,val,no_canonical_annotations,datasets/raw/sh17/kaggle/images/pexels-photo-4491848.jpeg,datasets/raw/sh17/kaggle/labels/pexels-photo-4491848.txt,none,,0,880ccbed578da9887f61be1fd687af9cb2ef8bd796fe6a08136413fcbba73d37,official_train_val_no_explicit_test
sh17,val,no_canonical_annotations,datasets/raw/sh17/kaggle/images/pexels-photo-7147612.jpeg,datasets/raw/sh17/kaggle/labels/pexels-photo-7147612.txt,none,,0,625b3a82dd82733d15fd4c8becfd74230df39260c8e1473737107c2de83f0ff6,official_train_val_no_explicit_test
sh17,val,no_canonical_annotations,datasets/raw/sh17/kaggle/images/pexels-photo-12725454.jpeg,datasets/raw/sh17/kaggle/labels/pexels-photo-12725454.txt,none,,0,4e8eb5e9ed3d2134169c9ad155b0b799a4002dc5cb00abe60283e297f4657240,official_train_val_no_explicit_test
sh17,val,no_canonical_annotations,datasets/raw/sh17/kaggle/images/pexels-photo-5973916.jpeg,datasets/raw/sh17/kaggle/labels/pexels-photo-5973916.txt,none,,0,ef5b7ac01f92332689c395e0dcebb6e32e6253dad3c496887a8f24b53fd2d070,official_train_val_no_explicit_test
sh17,val,no_canonical_annotations,datasets/raw/sh17/kaggle/images/pexels-photo-6347955.jpeg,datasets/raw/sh17/kaggle/labels/pexels-photo-6347955.txt,none,,0,9ad9c733c5e3e57a2b23a2f1b8b043f29b5b8c48befde2a869d6b62156f07db3,official_train_val_no_explicit_test
sh17,val,no_canonical_annotations,datasets/raw/sh17/kaggle/images/pexels-photo-12725452.jpeg,datasets/raw/sh17/kaggle/labels/pexels-photo-12725452.txt,none,,0,408c9973263e0098cdc64782c0d69dc33744bdca3b24f48e07ea229e4d8cc9f1,official_train_val_no_explicit_test
sh17,val,no_canonical_annotations,datasets/raw/sh17/kaggle/images/pexels-photo-8820186.jpeg,datasets/raw/sh17/kaggle/labels/pexels-photo-8820186.txt,none,,0,0d35d2b2c17094e581f8bb65b14d30bf9f4c29a3c04c896e7ce47be71e9d23ed,official_train_val_no_explicit_test
sh17,val,no_canonical_annotations,datasets/raw/sh17/kaggle/images/pexels-photo-9304507.jpeg,datasets/raw/sh17/kaggle/labels/pexels-photo-9304507.txt,none,,0,812d6488577507adb92fd39b050e679034a810da1babd6d99fb012fe1ad49eeb,official_train_val_no_explicit_test
sh17,val,no_canonical_annotations,datasets/raw/sh17/kaggle/images/pexels-photo-7147728.jpeg,datasets/raw/sh17/kaggle/labels/pexels-photo-7147728.txt,none,,0,a1e289cb0bb0a94485e36ef241a4204c3cbda6de87cce7532e11670f08b06788,official_train_val_no_explicit_test
sh17,val,no_canonical_annotations,datasets/raw/sh17/kaggle/images/pexels-photo-4491877.jpeg,datasets/raw/sh17/kaggle/labels/pexels-photo-4491877.txt,none,,0,8e959eec6e244e342969a6fd6fc7cd6c1547fa9273cdcc3c011dc9a31e449767,official_train_val_no_explicit_test
sh17,val,no_canonical_annotations,datasets/raw/sh17/kaggle/images/pexels-photo-4575137.jpeg,datasets/raw/sh17/kaggle/labels/pexels-photo-4575137.txt,none,,0,85b8da530cce6242f937790b3cd68871066bbda2526af69351a84b53d1aa51b5,official_train_val_no_explicit_test
sh17,val,no_canonical_annotations,datasets/raw/sh17/kaggle/images/pexels-photo-5410125.jpeg,datasets/raw/sh17/kaggle/labels/pexels-photo-5410125.txt,none,,0,96de3f0ee68f54e27512624c4dd25d9af31dd2bc2f26546717e2b2a704feccf8,official_train_val_no_explicit_test
sh17,val,no_canonical_annotations,datasets/raw/sh17/kaggle/images/pexels-photo-5711886.jpeg,datasets/raw/sh17/kaggle/labels/pexels-photo-5711886.txt,none,,0,d5dd102ffd649a8bcdb35c47fe985de0c7ba6ee0a7f3d2cbc7a67951580c5dbb,official_train_val_no_explicit_test
sh17,val,no_canonical_annotations,datasets/raw/sh17/kaggle/images/pexels-photo-7728640.jpeg,datasets/raw/sh17/kaggle/labels/pexels-photo-7728640.txt,none,,0,ce2f9524cd7f995d9aa8456ff4331f1d48091430e7d5132b02abcd7487646913,official_train_val_no_explicit_test
sh17,val,no_canonical_annotations,datasets/raw/sh17/kaggle/images/pexels-photo-6850479.jpeg,datasets/raw/sh17/kaggle/labels/pexels-photo-6850479.txt,none,,0,a752853a86d1c1523b4c7dd6bc4d1d1b6718d8a0a8c411161c588f7161174216,official_train_val_no_explicit_test
sh17,val,no_canonical_annotations,datasets/raw/sh17/kaggle/images/pexels-photo-4621891.jpeg,datasets/raw/sh17/kaggle/labels/pexels-photo-4621891.txt,none,,0,60b222b66fb5c6ae5a0d4bff271840e985aa1f71791364dda908635a92478d12,official_train_val_no_explicit_test
sh17,val,no_canonical_annotations,datasets/raw/sh17/kaggle/images/pexels-photo-7219194.jpeg,datasets/raw/sh17/kaggle/labels/pexels-photo-7219194.txt,none,,0,346b64ce3d52642167d2b98e4fcbbe0b03799bd2cf86ab3afefe81ce2e567452,official_train_val_no_explicit_test
sh17,val,no_canonical_annotations,datasets/raw/sh17/kaggle/images/pexels-photo-3993309.jpeg,datasets/raw/sh17/kaggle/labels/pexels-photo-3993309.txt,none,,0,f97f38e0c4475767612bb2335adef5542214657648f347ab49be4592219425f3,official_train_val_no_explicit_test
sh17,val,no_canonical_annotations,datasets/raw/sh17/kaggle/images/pexels-photo-3846086.jpeg,datasets/raw/sh17/kaggle/labels/pexels-photo-3846086.txt,none,,0,6e5fa256223e261f1b48005e4867c8997e4b2c0c9f2a9054e10b6ad02b7201f5,official_train_val_no_explicit_test
sh17,val,no_canonical_annotations,datasets/raw/sh17/kaggle/images/pexels-photo-7241371.jpeg,datasets/raw/sh17/kaggle/labels/pexels-photo-7241371.txt,none,,0,7f9307bbe899f61f67465afcd38c47f1dcfe4009dad1bc29aa32617aef5fc2af,official_train_val_no_explicit_test
sh17,val,no_canonical_annotations,datasets/raw/sh17/kaggle/images/pexels-photo-7925796.jpeg,datasets/raw/sh17/kaggle/labels/pexels-photo-7925796.txt,none,,0,0d1179e549e049c6ab907dde1a2783790a06a0cdb5d52e87ba30b96bda3ee038,official_train_val_no_explicit_test
sh17,val,no_canonical_annotations,datasets/raw/sh17/kaggle/images/pexels-photo-12725396.jpeg,datasets/raw/sh17/kaggle/labels/pexels-photo-12725396.txt,none,,0,d2474db28a4af1c13419986def68148d913ce4a90b758b9b765a3286cf38dd37,official_train_val_no_explicit_test
sh17,val,no_canonical_annotations,datasets/raw/sh17/kaggle/images/pexels-photo-6611467.jpeg,datasets/raw/sh17/kaggle/labels/pexels-photo-6611467.txt,none,,0,755f5ce7e750eecf68810af19c1b1d63d56d65c81b9f0905ad3d0aed63b0dda7,official_train_val_no_explicit_test
sh17,val,no_canonical_annotations,datasets/raw/sh17/kaggle/images/pexels-photo-5691506.jpeg,datasets/raw/sh17/kaggle/labels/pexels-photo-5691506.txt,none,,0,f555cbd5d73fc67f4b9f850e377489f6c316fd529b6940972e86d21080176266,official_train_val_no_explicit_test
sh17,val,no_canonical_annotations,datasets/raw/sh17/kaggle/images/pexels-photo-7256912.jpeg,datasets/raw/sh17/kaggle/labels/pexels-photo-7256912.txt,none,,0,03b156c2c627c6f66c5a23e5eea42ab3ff48f0dff5fba8bfc306f68936a05ded,official_train_val_no_explicit_test
sh17,val,no_canonical_annotations,datasets/raw/sh17/kaggle/images/pexels-photo-7245745.jpeg,datasets/raw/sh17/kaggle/labels/pexels-photo-7245745.txt,none,,0,d93a0e25f207b3d37a1d8571731c4bd1ce9085a25f2162bfac836d595389073a,official_train_val_no_explicit_test
sh17,val,no_canonical_annotations,datasets/raw/sh17/kaggle/images/pexels-photo-13121712.jpeg,datasets/raw/sh17/kaggle/labels/pexels-photo-13121712.txt,none,,0,9fbd17e21b56de656a4c67367a1d631c16b57fbf80b76ff772d2cfb43b11d10a,official_train_val_no_explicit_test
sh17,val,no_canonical_annotations,datasets/raw/sh17/kaggle/images/pexels-photo-8821005.jpeg,datasets/raw/sh17/kaggle/labels/pexels-photo-8821005.txt,none,,0,c4c9d182c0e38504dea18420ffe831c9df63d0f5ca9cdb899d42330a20e7f2f8,official_train_val_no_explicit_test
sh17,val,no_canonical_annotations,datasets/raw/sh17/kaggle/images/pexels-photo-4492103.jpeg,datasets/raw/sh17/kaggle/labels/pexels-photo-4492103.txt,none,,0,fd2d69931b5a920f6b2d64fcc88f6470593a1c5d3064150471a59fecdd3d788a,official_train_val_no_explicit_test
sh17,val,no_canonical_annotations,datasets/raw/sh17/kaggle/images/pexels-photo-7222331.jpeg,datasets/raw/sh17/kaggle/labels/pexels-photo-7222331.txt,none,,0,5be6f3fb2c5581aca41120c23d774a9986770e30b4b5d6cf92133e443149a562,official_train_val_no_explicit_test
sh17,val,no_canonical_annotations,datasets/raw/sh17/kaggle/images/pexels-photo-210881.jpeg,datasets/raw/sh17/kaggle/labels/pexels-photo-210881.txt,none,,0,7ce6860bcd0305a9652782b24e4f3adc83d1d711e760bbf49cfd685778e6ccd9,official_train_val_no_explicit_test
sh17,val,no_canonical_annotations,datasets/raw/sh17/kaggle/images/pexels-photo-4491859.jpeg,datasets/raw/sh17/kaggle/labels/pexels-photo-4491859.txt,none,,0,827fe1e855ce6ff5b05bfe62983a5cd4223993cf15936e8bce6492e6d025ace3,official_train_val_no_explicit_test
sh17,val,no_canonical_annotations,datasets/raw/sh17/kaggle/images/pexels-photo-5894236.jpeg,datasets/raw/sh17/kaggle/labels/pexels-photo-5894236.txt,none,,0,8b3e9ae7db705841cea0897e4d6514dc0b3dc7353d7a3df329f024e5b7fd79f2,official_train_val_no_explicit_test
sh17,val,no_canonical_annotations,datasets/raw/sh17/kaggle/images/pexels-photo-5726693.jpeg,datasets/raw/sh17/kaggle/labels/pexels-photo-5726693.txt,none,,0,551dba5e350c86a0a618595273bc2c65770ca41c923edad011ecb55c87dac025,official_train_val_no_explicit_test
sh17,val,no_canonical_annotations,datasets/raw/sh17/kaggle/images/pexels-photo-3869187.jpeg,datasets/raw/sh17/kaggle/labels/pexels-photo-3869187.txt,none,,0,d32fc35a1d9ce9f062ff66b469d19b6cd71def7fb83a044bcd9f521d8f515671,official_train_val_no_explicit_test
sh17,val,no_canonical_annotations,datasets/raw/sh17/kaggle/images/pexels-photo-14050319.jpeg,datasets/raw/sh17/kaggle/labels/pexels-photo-14050319.txt,none,,0,3da17d21b2dc02ee9d929490cbe4e9a5a7788a55c808dfc68fd1dbe530a72eb6,official_train_val_no_explicit_test
sh17,val,no_canonical_annotations,datasets/raw/sh17/kaggle/images/pexels-photo-4219649.jpeg,datasets/raw/sh17/kaggle/labels/pexels-photo-4219649.txt,none,,0,34fde4e2e3d1e86a040de27b27ee19d39e7b76b1bae9546d681cc4965548c840,official_train_val_no_explicit_test
sh17,val,no_canonical_annotations,datasets/raw/sh17/kaggle/images/pexels-photo-8770717.jpeg,datasets/raw/sh17/kaggle/labels/pexels-photo-8770717.txt,none,,0,4a3af16b64f7146783d642b51b98f5a360fc914831141eb46ed5c5b68358e4ae,official_train_val_no_explicit_test
sh17,val,no_canonical_annotations,datasets/raw/sh17/kaggle/images/pexels-photo-5835463.jpeg,datasets/raw/sh17/kaggle/labels/pexels-photo-5835463.txt,none,,0,3225e25a95b35e72beae52d169ca85da0ed4abdaee05a54288c709dc43f132e4,official_train_val_no_explicit_test
sh17,val,no_canonical_annotations,datasets/raw/sh17/kaggle/images/pexels-photo-8821010.jpeg,datasets/raw/sh17/kaggle/labels/pexels-photo-8821010.txt,none,,0,0a856bd92721a4d5686eef0f997d217c0c459b4d3333f7f4e97c950862cb47ec,official_train_val_no_explicit_test
sh17,val,no_canonical_annotations,datasets/raw/sh17/kaggle/images/pexels-photo-5862315.jpeg,datasets/raw/sh17/kaggle/labels/pexels-photo-5862315.txt,none,,0,c58cd99b808c7ccb1b6da79bc5ea685d71ec228d616354b9606e8af946e9da0a,official_train_val_no_explicit_test
sh17,val,no_canonical_annotations,datasets/raw/sh17/kaggle/images/pexels-photo-8821610.jpeg,datasets/raw/sh17/kaggle/labels/pexels-photo-8821610.txt,none,,0,a964bdfc89f9891e2c905632a6ebc2b76c9fa4aab39bdb56cad71ffff8878145,official_train_val_no_explicit_test
sh17,val,no_canonical_annotations,datasets/raw/sh17/kaggle/images/pexels-photo-8849692.jpeg,datasets/raw/sh17/kaggle/labels/pexels-photo-8849692.txt,none,,0,9a72372ed4a894dc176ea3fb7c5231ab5bfc1bb921abb2ac72ac64d21a88fbec,official_train_val_no_explicit_test
sh17,val,no_canonical_annotations,datasets/raw/sh17/kaggle/images/pexels-photo-4350047.jpeg,datasets/raw/sh17/kaggle/labels/pexels-photo-4350047.txt,none,,0,55565aed94b614474d3fc48d8227f354da357fd8b4ab1b5db2a376c39cc854e0,official_train_val_no_explicit_test
sh17,val,no_canonical_annotations,datasets/raw/sh17/kaggle/images/pexels-photo-5302901.jpeg,datasets/raw/sh17/kaggle/labels/pexels-photo-5302901.txt,none,,0,3404780132aba01a25acb5587e594167a9fa4fbf28674d91c8d8e19f54107498,official_train_val_no_explicit_test
sh17,val,no_canonical_annotations,datasets/raw/sh17/kaggle/images/pexels-photo-5715901.jpeg,datasets/raw/sh17/kaggle/labels/pexels-photo-5715901.txt,none,,0,cb493ae921b5d3400546561bc79ba1deb35e327f485d859d1b09920b751d71ea,official_train_val_no_explicit_test
sh17,val,no_canonical_annotations,datasets/raw/sh17/kaggle/images/pexels-photo-8167320.jpeg,datasets/raw/sh17/kaggle/labels/pexels-photo-8167320.txt,none,,0,1988d46a113b153ad09a88dd0787b831afa2cf3bb1e28596918f27de4de56c38,official_train_val_no_explicit_test
sh17,val,no_canonical_annotations,datasets/raw/sh17/kaggle/images/pexels-photo-4349788.jpeg,datasets/raw/sh17/kaggle/labels/pexels-photo-4349788.txt,none,,0,484cc94324d42f3be2171f7cef76995127be79d89f98498e29e04c03647adf26,official_train_val_no_explicit_test
sh17,val,no_canonical_annotations,datasets/raw/sh17/kaggle/images/pexels-photo-5974032.jpeg,datasets/raw/sh17/kaggle/labels/pexels-photo-5974032.txt,none,,0,380b2872d19e05c72d0f857910df3934b76b4b169c728169db137351e7516aaa,official_train_val_no_explicit_test
sh17,val,no_canonical_annotations,datasets/raw/sh17/kaggle/images/pexels-photo-7018175.jpeg,datasets/raw/sh17/kaggle/labels/pexels-photo-7018175.txt,none,,0,f9fc0bc3d8a1aea3680bfbe3e9630d8c323f60f2616f28da8f80e2cb67bda0fa,official_train_val_no_explicit_test
sh17,val,no_canonical_annotations,datasets/raw/sh17/kaggle/images/pexels-photo-4348088.jpeg,datasets/raw/sh17/kaggle/labels/pexels-photo-4348088.txt,none,,0,b84cb9e3d0cdf2890331c7498b8c14c50a04af9d588737349932bdaaa3c60974,official_train_val_no_explicit_test
sh17,val,no_canonical_annotations,datasets/raw/sh17/kaggle/images/pexels-photo-7034389.jpeg,datasets/raw/sh17/kaggle/labels/pexels-photo-7034389.txt,none,,0,c1d6ba7ccc9954f9eef444eaea448206705d95a7e476330bea640e281c3d82d7,official_train_val_no_explicit_test
sh17,val,no_canonical_annotations,datasets/raw/sh17/kaggle/images/pexels-photo-7221418.jpeg,datasets/raw/sh17/kaggle/labels/pexels-photo-7221418.txt,none,,0,689ae5c8dac9b4a849904eac2d013fffc176c66a3afb3c33fb187b79623b7cba,official_train_val_no_explicit_test
sh17,val,no_canonical_annotations,datasets/raw/sh17/kaggle/images/pexels-photo-5691606.jpeg,datasets/raw/sh17/kaggle/labels/pexels-photo-5691606.txt,none,,0,ed573f07584e7b31521d0e255ccd01fe2355d5f306c36f2b0a17b92f97ddd0a5,official_train_val_no_explicit_test
sh17,val,no_canonical_annotations,datasets/raw/sh17/kaggle/images/pexels-photo-6850554.jpeg,datasets/raw/sh17/kaggle/labels/pexels-photo-6850554.txt,none,,0,42f56df4ff7699f8135dff0da0ee11fef7e864f185493dd3c4e020023dbdeab3,official_train_val_no_explicit_test
sh17,val,no_canonical_annotations,datasets/raw/sh17/kaggle/images/pexels-photo-8986177.jpeg,datasets/raw/sh17/kaggle/labels/pexels-photo-8986177.txt,none,,0,1f9f2ab7cb93be4b1d15dc35ee54d989f44e1c72881827701d797a9cc841c2bd,official_train_val_no_explicit_test
sh17,val,no_canonical_annotations,datasets/raw/sh17/kaggle/images/pexels-photo-5642036.jpeg,datasets/raw/sh17/kaggle/labels/pexels-photo-5642036.txt,none,,0,5b77a9e096f7c8c700c2cf98cd78920b129252ebfa2db7656012adf39b7d0677,official_train_val_no_explicit_test
sh17,val,no_canonical_annotations,datasets/raw/sh17/kaggle/images/pexels-photo-5641934.jpeg,datasets/raw/sh17/kaggle/labels/pexels-photo-5641934.txt,none,,0,012bf4acfde162471de4733731c767e0d95f701fb55e4fc7b5a782886e54187f,official_train_val_no_explicit_test
sh17,val,no_canonical_annotations,datasets/raw/sh17/kaggle/images/pexels-photo-7388908.jpeg,datasets/raw/sh17/kaggle/labels/pexels-photo-7388908.txt,none,,0,3185aeed6e5546add515f7fbe01985931904f6c6992eeef3a1e880a2be9a630e,official_train_val_no_explicit_test
sh17,val,no_canonical_annotations,datasets/raw/sh17/kaggle/images/pexels-photo-5409731.jpeg,datasets/raw/sh17/kaggle/labels/pexels-photo-5409731.txt,none,,0,4517d7a4ebdd7f56eae42974150fc900a03f2f1f46c34b78792644a0f1cd473c,official_train_val_no_explicit_test
sh17,val,no_canonical_annotations,datasets/raw/sh17/kaggle/images/pexels-photo-4530437.jpeg,datasets/raw/sh17/kaggle/labels/pexels-photo-4530437.txt,none,,0,7f5737eba9486d97aa48a93d6ed3e69ffcaf9cfc9e429ca6ac4fbd40744c3ab9,official_train_val_no_explicit_test
sh17,val,no_canonical_annotations,datasets/raw/sh17/kaggle/images/pexels-photo-5218008.jpeg,datasets/raw/sh17/kaggle/labels/pexels-photo-5218008.txt,none,,0,82d84c8826dd385bfc2ba67eca0b21f4a04c1b15090570d508c148792d3e133e,official_train_val_no_explicit_test
sh17,val,no_canonical_annotations,datasets/raw/sh17/kaggle/images/pexels-photo-6913153.jpeg,datasets/raw/sh17/kaggle/labels/pexels-photo-6913153.txt,none,,0,09b02f6a69078d97766061c5d13dd0256b62ad944610eabc29393f32f2e0bfe2,official_train_val_no_explicit_test
sh17,val,no_canonical_annotations,datasets/raw/sh17/kaggle/images/pexels-photo-4621901.jpeg,datasets/raw/sh17/kaggle/labels/pexels-photo-4621901.txt,none,,0,ff2218bc4ebbfc4c022363fab4fbcf879fd05b2a4d4d37b9e68145a7262fa327,official_train_val_no_explicit_test
sh17,val,no_canonical_annotations,datasets/raw/sh17/kaggle/images/pexels-photo-7222223.jpeg,datasets/raw/sh17/kaggle/labels/pexels-photo-7222223.txt,none,,0,5155118b763141fc1efce8bed0f40a154d6052be2932506b7b9ee5131d4e9a39,official_train_val_no_explicit_test
sh17,val,no_canonical_annotations,datasets/raw/sh17/kaggle/images/pexels-photo-9301833.jpeg,datasets/raw/sh17/kaggle/labels/pexels-photo-9301833.txt,none,,0,263baa3d1c54783ed4d89d3f36ffc952856dfa4e47d7e5c389a551a71a864ecf,official_train_val_no_explicit_test
sh17,val,no_canonical_annotations,datasets/raw/sh17/kaggle/images/pexels-photo-7219180.jpeg,datasets/raw/sh17/kaggle/labels/pexels-photo-7219180.txt,none,,0,826c26ebb1316d2ee87ea28f3485be68c4160c154f9a44a5b944474abd87c47d,official_train_val_no_explicit_test
sh17,val,no_canonical_annotations,datasets/raw/sh17/kaggle/images/pexels-photo-8985459.jpeg,datasets/raw/sh17/kaggle/labels/pexels-photo-8985459.txt,none,,0,0bd4a0178fa1c4bbc5a17c7b9be95fcb5d3059df6fdb0757033f7e91ee9246b9,official_train_val_no_explicit_test
sh17,val,no_canonical_annotations,datasets/raw/sh17/kaggle/images/pexels-photo-6291407.jpeg,datasets/raw/sh17/kaggle/labels/pexels-photo-6291407.txt,none,,0,bb56f25fd771ea48e12a9b10f4eb679a3edeaf11affd1631697ed2a39eb9900e,official_train_val_no_explicit_test
sh17,val,no_canonical_annotations,datasets/raw/sh17/kaggle/images/pexels-photo-6474458.jpeg,datasets/raw/sh17/kaggle/labels/pexels-photo-6474458.txt,none,,0,465917977391b213e6ae760d5fd3e2856f55a1e98051d3d45865c073bd62014a,official_train_val_no_explicit_test
sh17,val,no_canonical_annotations,datasets/raw/sh17/kaggle/images/pexels-photo-5894256.jpeg,datasets/raw/sh17/kaggle/labels/pexels-photo-5894256.txt,none,,0,d0f3633d3cd8438d07c1ca6e268adf1a186cd49b460677818fc0099be4c0d23f,official_train_val_no_explicit_test
sh17,val,no_canonical_annotations,datasets/raw/sh17/kaggle/images/pexels-photo-977526.jpeg,datasets/raw/sh17/kaggle/labels/pexels-photo-977526.txt,none,,0,2151a3789934c91908978a62b2f7013b2ad430372f7ccb28c70465fabd81cff4,official_train_val_no_explicit_test
sh17,val,no_canonical_annotations,datasets/raw/sh17/kaggle/images/pexels-photo-5691469.jpeg,datasets/raw/sh17/kaggle/labels/pexels-photo-5691469.txt,none,,0,e12019d151d68fdfd32bd597507ac948829ef762cf297369a05b0c606ec9b692,official_train_val_no_explicit_test
sh17,val,no_canonical_annotations,datasets/raw/sh17/kaggle/images/pexels-photo-5532667.jpeg,datasets/raw/sh17/kaggle/labels/pexels-photo-5532667.txt,none,,0,5b1d5e4172c5e0ec0d899378b216e3011ba4c2f02b82210bcb27060217f7bdeb,official_train_val_no_explicit_test
sh17,val,no_canonical_annotations,datasets/raw/sh17/kaggle/images/pexels-photo-5974042.jpeg,datasets/raw/sh17/kaggle/labels/pexels-photo-5974042.txt,none,,0,ea84af4c859e52ce4e3184c41733b69a9dcce61e81317077a14f1e48c28066b5,official_train_val_no_explicit_test
sh17,val,no_canonical_annotations,datasets/raw/sh17/kaggle/images/pexels-photo-7421212.jpeg,datasets/raw/sh17/kaggle/labels/pexels-photo-7421212.txt,none,,0,b946b9f519f743d30cb9f1ccfbf119a63ce049b3b56e91777596621da86ab2b1,official_train_val_no_explicit_test
sh17,val,no_canonical_annotations,datasets/raw/sh17/kaggle/images/pexels-photo-7482644.jpeg,datasets/raw/sh17/kaggle/labels/pexels-photo-7482644.txt,none,,0,807f580334f4c6b77bd2a3331415abe6a134501f914224aa57c57f714b54623a,official_train_val_no_explicit_test
sh17,val,no_canonical_annotations,datasets/raw/sh17/kaggle/images/pexels-photo-8489859.jpeg,datasets/raw/sh17/kaggle/labels/pexels-photo-8489859.txt,none,,0,c53e629afe9098b591c03d4ff46bc0413c898c6149651b06dc723ed3c74d1b7d,official_train_val_no_explicit_test
sh17,val,no_canonical_annotations,datasets/raw/sh17/kaggle/images/pexels-photo-4219135.jpeg,datasets/raw/sh17/kaggle/labels/pexels-photo-4219135.txt,none,,0,fc94990490b0c88b9b6feb609f5b09afa541f1d0a467a77693ea5587f489bfc8,official_train_val_no_explicit_test
sh17,val,no_canonical_annotations,datasets/raw/sh17/kaggle/images/pexels-photo-7256915.jpeg,datasets/raw/sh17/kaggle/labels/pexels-photo-7256915.txt,none,,0,352950c09f056144838befc36e8cd2d0f27f3bd5c0f2015d392689dbf1aebfd6,official_train_val_no_explicit_test
sh17,val,no_canonical_annotations,datasets/raw/sh17/kaggle/images/pexels-photo-4637726.jpeg,datasets/raw/sh17/kaggle/labels/pexels-photo-4637726.txt,none,,0,c7bf6a6d90e1488d95f57b501573d7db434fb54ab76c500907d338ac334fa156,official_train_val_no_explicit_test
sh17,val,no_canonical_annotations,datasets/raw/sh17/kaggle/images/pexels-photo-7241628.jpeg,datasets/raw/sh17/kaggle/labels/pexels-photo-7241628.txt,none,,0,0e6f57d05da0cb77ec9812b9ac6ed02454fb7e0cc7194827257cc08beca2554e,official_train_val_no_explicit_test
sh17,val,no_canonical_annotations,datasets/raw/sh17/kaggle/images/pexels-photo-7241367.jpeg,datasets/raw/sh17/kaggle/labels/pexels-photo-7241367.txt,none,,0,fc1bcae6b235b92f7ec3a18c7a16646dc14f936bca08a8b1b3fa2a52c8608e87,official_train_val_no_explicit_test
sh17,val,no_canonical_annotations,datasets/raw/sh17/kaggle/images/pexels-photo-5327865.jpeg,datasets/raw/sh17/kaggle/labels/pexels-photo-5327865.txt,none,,0,4b0f3c8844c7ff0b03ffa7d54309d11d0ba68aec43b5022d20fae0fd0014a6fd,official_train_val_no_explicit_test
sh17,val,no_canonical_annotations,datasets/raw/sh17/kaggle/images/pexels-photo-3965556.jpeg,datasets/raw/sh17/kaggle/labels/pexels-photo-3965556.txt,none,,0,1974a10a4c28260f64e61a0e86978ceae7612b923c7efbbdb8cd471128b4768a,official_train_val_no_explicit_test
sh17,val,no_canonical_annotations,datasets/raw/sh17/kaggle/images/pexels-photo-5673502.jpeg,datasets/raw/sh17/kaggle/labels/pexels-photo-5673502.txt,none,,0,64e02b6f7b581c3720eb419af819c9a3cd2884e5aee7bfaed74b1860d968e259,official_train_val_no_explicit_test
sh17,val,no_canonical_annotations,datasets/raw/sh17/kaggle/images/pexels-photo-5409739.jpeg,datasets/raw/sh17/kaggle/labels/pexels-photo-5409739.txt,none,,0,d1dfb16a3e0d53ed3b8231e76ad060e43d04bb95fdfef60293841cdc2f2bdf02,official_train_val_no_explicit_test
sh17,val,no_canonical_annotations,datasets/raw/sh17/kaggle/images/pexels-photo-4449795.jpeg,datasets/raw/sh17/kaggle/labels/pexels-photo-4449795.txt,none,,0,1110465d06d5503667e2ba289e0752cae4d554114b8533843562761f1e133ff4,official_train_val_no_explicit_test
sh17,val,no_canonical_annotations,datasets/raw/sh17/kaggle/images/pexels-photo-5974050.jpeg,datasets/raw/sh17/kaggle/labels/pexels-photo-5974050.txt,none,,0,5fa8236941967533d5689bc53893068682200b092e103863a5e0d5ee0c39d7d6,official_train_val_no_explicit_test
sh17,val,no_canonical_annotations,datasets/raw/sh17/kaggle/images/pexels-photo-6243341.jpeg,datasets/raw/sh17/kaggle/labels/pexels-photo-6243341.txt,none,,0,59cbd23757b6ad1a6932b8d44bbf745acdf465d98b8a27a9f9a7bc7a4034e961,official_train_val_no_explicit_test
